"LLAVE_MZS","Mz","CODCCPP","ZONA","AREA","manzana_label","mza","sexo_hombre","sexo_mujer","tipoviv_casa_independiente","tipoviv_departamento_en_edificio","tipoviv_vivienda_en_casa_de_vecindad_callej_n_solar_o_corral_n_","tipoviv_vivienda_improvisada","tipoviv_viviendas_colectivas","tipoviv_vivienda_en_quinta","tipoviv_local_no_destinado_para_habitaci_n_humana","tipoviv_otro_tipo_de_vivienda_particular","ocup_ocupada_con_personas_presentes","ocup_ocupada_con_personas_ausentes","ocup_ocupada_de_uso_ocasional","ocup_desocupada_otra_causa","ocup_desocupada_abandonada_o_cerrada","ocup_desocupada_en_construcci_n_o_reparaci_n","ocup_desocupada_en_alquiler_o_venta","tenencia_alquilada","tenencia_propia_sin_t_tulo_de_propiedad","tenencia_propia_con_t_tulo_de_propiedad","tenencia_cedida","tenencia_otra_forma","habitaciones_promedio","viviendas_con_dato_habitaciones","personas_hogar_promedio","hogares_con_dato","poblacion_total","pct_hombres","viviendas_con_tenencia","pct_alquiler","hacinamiento_proxy"
"070101000102600037","070101000102600037",1,2600,1,"070101000102600037 , Callao,Callao,Callao,Centro Poblado: Callao,Mza: 037","037",58,57,29,3,0,0,1,0,0,0,32,0,0,0,0,0,0,10,1,17,4,0,3,32,3,34,115,50.4,32,31.2,1
"070101000102700049","070101000102700049",1,2700,1,"070101000102700049 , Callao,Callao,Callao,Centro Poblado: Callao,Mza: 049","049",96,103,34,14,0,0,0,0,0,0,47,0,0,0,1,0,0,15,3,25,4,0,3,47,4,52,199,48.2,47,31.9,1.33
"070101000102500049","070101000102500049",1,2500,1,"070101000102500049 , Callao,Callao,Callao,Centro Poblado: Callao,Mza: 049","049",103,99,36,15,0,0,0,0,0,0,50,1,0,0,0,0,0,7,5,30,6,2,3,50,4,51,202,51,50,14,1.33
"070101000101600059","070101000101600059",1,1600,1,"070101000101600059 , Callao,Callao,Callao,Centro Poblado: Callao,Mza: 059","059",97,106,56,1,0,0,0,2,0,0,59,0,0,0,0,0,0,9,3,39,8,0,3,59,3,60,203,47.8,59,15.3,1
"070101000101600030","070101000101600030",1,1600,1,"070101000101600030 , Callao,Callao,Callao,Centro Poblado: Callao,Mza: 030","030",92,113,35,2,0,0,0,0,0,0,37,0,0,0,0,0,0,11,5,20,1,0,4,37,4,56,205,44.9,37,29.7,1
"070101000102700039","070101000102700039",1,2700,1,"070101000102700039 , Callao,Callao,Callao,Centro Poblado: Callao,Mza: 039","039",102,107,39,2,0,0,0,0,0,0,35,3,2,0,1,0,0,7,3,22,3,0,5,35,5,45,209,48.8,35,20,1
"070101000102700056","070101000102700056",1,2700,1,"070101000102700056 , Callao,Callao,Callao,Centro Poblado: Callao,Mza: 056","056",92,93,43,3,0,0,0,0,0,0,41,0,4,1,0,0,0,2,3,31,5,0,4,41,5,41,185,49.7,41,4.9,1.25
"070101000102600023","070101000102600023",1,2600,1,"070101000102600023 , Callao,Callao,Callao,Centro Poblado: Callao,Mza: 023","023",54,46,30,0,0,0,0,0,0,0,30,0,0,0,0,0,0,7,3,14,6,0,3,30,3,33,100,54,30,23.3,1
"070101000102700047","070101000102700047",1,2700,1,"070101000102700047 , Callao,Callao,Callao,Centro Poblado: Callao,Mza: 047","047",96,93,46,0,0,0,0,0,0,0,46,0,0,0,0,0,0,11,3,30,2,0,3,46,4,50,189,50.8,46,23.9,1.33
"070101000102600046","070101000102600046",1,2600,1,"070101000102600046 , Callao,Callao,Callao,Centro Poblado: Callao,Mza: 046","046",56,71,21,9,0,0,0,0,0,0,29,1,0,0,0,0,0,5,5,18,1,0,4,29,4,31,127,44.1,29,17.2,1
"070101000102600040","070101000102600040",1,2600,1,"070101000102600040 , Callao,Callao,Callao,Centro Poblado: Callao,Mza: 040","040",147,164,57,19,0,0,0,0,0,0,72,3,0,0,1,0,0,14,4,38,16,0,3,72,4,77,311,47.3,72,19.4,1.33
"070101000102600014","070101000102600014",1,2600,1,"070101000102600014 , Callao,Callao,Callao,Centro Poblado: Callao,Mza: 014","014",136,160,56,6,0,0,0,0,0,0,60,2,0,0,0,0,0,13,2,36,9,0,3,60,4,73,296,45.9,60,21.7,1.33
"070101000101600041","070101000101600041",1,1600,1,"070101000101600041 , Callao,Callao,Callao,Centro Poblado: Callao,Mza: 041","041",98,89,35,10,4,0,0,0,0,0,49,0,0,0,0,0,0,15,5,27,2,0,3,49,4,49,187,52.4,49,30.6,1.33
"070101000102800020","070101000102800020",1,2800,1,"070101000102800020 , Callao,Callao,Callao,Centro Poblado: Callao,Mza: 020","020",165,178,68,1,0,0,1,0,0,0,67,1,0,0,1,0,0,14,3,45,5,0,3,67,4,79,343,48.1,67,20.9,1.33
"070101000101600056","070101000101600056",1,1600,1,"070101000101600056 , Callao,Callao,Callao,Centro Poblado: Callao,Mza: 056","056",118,117,43,10,0,0,0,0,0,0,53,0,0,0,0,0,0,17,3,27,6,0,3,53,4,53,235,50.2,53,32.1,1.33
"070101000101600055","070101000101600055",1,1600,1,"070101000101600055 , Callao,Callao,Callao,Centro Poblado: Callao,Mza: 055","055",98,112,38,15,0,0,0,0,0,0,53,0,0,0,0,0,0,20,4,24,5,0,2,53,4,57,210,46.7,53,37.7,2
"070101000102700006","070101000102700006",1,2700,1,"070101000102700006 , Callao,Callao,Callao,Centro Poblado: Callao,Mza: 006","006",113,133,49,15,0,0,0,0,0,0,55,1,0,2,6,0,0,8,8,36,3,0,3,55,4,61,246,45.9,55,14.5,1.33
"070101000102700060","070101000102700060",1,2700,1,"070101000102700060 , Callao,Callao,Callao,Centro Poblado: Callao,Mza: 060","060",125,150,59,8,2,0,1,0,0,0,66,2,1,0,0,0,0,23,3,27,12,1,3,66,3,78,275,45.5,66,34.8,1
"070101000102600017","070101000102600017",1,2600,1,"070101000102600017 , Callao,Callao,Callao,Centro Poblado: Callao,Mza: 017","017",29,25,13,2,0,0,0,0,0,0,13,0,2,0,0,0,0,1,2,8,2,0,3,13,4,13,54,53.7,13,7.7,1.33
"070101000102600013","070101000102600013",1,2600,1,"070101000102600013 , Callao,Callao,Callao,Centro Poblado: Callao,Mza: 013","013",103,125,43,7,0,0,0,0,0,0,50,0,0,0,0,0,0,5,2,37,6,0,3,50,4,65,228,45.2,50,10,1.33
"070101000102700043","070101000102700043",1,2700,1,"070101000102700043 , Callao,Callao,Callao,Centro Poblado: Callao,Mza: 043","043",84,102,43,0,2,0,0,0,0,0,44,1,0,0,0,0,0,14,7,17,6,0,3,44,4,47,186,45.2,44,31.8,1.33
"070101000101600046","070101000101600046",1,1600,1,"070101000101600046 , Callao,Callao,Callao,Centro Poblado: Callao,Mza: 046","046",178,178,77,1,0,0,1,3,0,0,81,0,0,0,0,0,0,35,2,41,3,0,3,81,4,95,356,50,81,43.2,1.33
"070101000102700002","070101000102700002",1,2700,1,"070101000102700002 , Callao,Callao,Callao,Centro Poblado: Callao,Mza: 002","002",128,126,50,10,0,0,0,0,0,0,60,0,0,0,0,0,0,5,0,42,13,0,3,60,4,68,254,50.4,60,8.3,1.33
"070101000102500024","070101000102500024",1,2500,1,"070101000102500024 , Callao,Callao,Callao,Centro Poblado: Callao,Mza: 024","024",52,63,40,0,0,0,0,0,0,0,28,1,11,0,0,0,0,3,0,18,7,0,3,28,4,32,115,45.2,28,10.7,1.33
"070101000102800022","070101000102800022",1,2800,1,"070101000102800022 , Callao,Callao,Callao,Centro Poblado: Callao,Mza: 022","022",128,144,74,5,0,0,0,0,0,0,74,4,1,0,0,0,0,30,2,41,1,0,3,74,4,76,272,47.1,74,40.5,1.33
"070101000102800004","070101000102800004",1,2800,1,"070101000102800004 , Callao,Callao,Callao,Centro Poblado: Callao,Mza: 004","004",85,97,28,0,0,0,1,0,0,0,26,0,1,0,1,0,0,5,2,16,3,0,4,26,5,35,182,46.7,26,19.2,1.25
"070101000101600032","070101000101600032",1,1600,1,"070101000101600032 , Callao,Callao,Callao,Centro Poblado: Callao,Mza: 032","032",77,86,44,2,0,0,0,0,0,0,46,0,0,0,0,0,0,26,1,18,1,0,3,46,4,46,163,47.2,46,56.5,1.33
"070101000102700024","070101000102700024",1,2700,1,"070101000102700024 , Callao,Callao,Callao,Centro Poblado: Callao,Mza: 024","024",85,80,42,20,0,0,0,0,0,0,43,2,14,0,0,3,0,12,5,23,3,0,3,43,3,52,165,51.5,43,27.9,1
"070101000102600021","070101000102600021",1,2600,1,"070101000102600021 , Callao,Callao,Callao,Centro Poblado: Callao,Mza: 021","021",95,78,37,7,0,0,0,0,0,0,42,1,0,0,1,0,0,10,2,24,6,0,3,42,4,42,173,54.9,42,23.8,1.33
"070101000102700054A","070101000102700054A",1,2700,1,"070101000102700054A, Callao,Callao,Callao,Centro Poblado: Callao,Mza: 054A","054A",82,71,45,0,0,0,0,0,0,0,42,1,0,0,1,1,0,3,0,26,12,1,3,42,3,44,153,53.6,42,7.1,1
"070101000102700038","070101000102700038",1,2700,1,"070101000102700038 , Callao,Callao,Callao,Centro Poblado: Callao,Mza: 038","038",70,82,14,7,2,0,0,0,0,0,23,0,0,0,0,0,0,5,1,16,1,0,3,23,5,32,152,46.1,23,21.7,1.67
"070101000102700021C","070101000102700021C",1,2700,1,"070101000102700021C, Callao,Callao,Callao,Centro Poblado: Callao,Mza: 021C","021C",65,80,19,12,0,0,1,0,0,0,31,0,0,0,0,0,0,13,2,13,3,0,3,31,3,33,145,44.8,31,41.9,1
"070101000102600056","070101000102600056",1,2600,1,"070101000102600056 , Callao,Callao,Callao,Centro Poblado: Callao,Mza: 056","056",206,188,68,27,0,0,0,2,0,0,97,0,0,0,0,0,0,45,8,35,9,0,3,97,4,99,394,52.3,97,46.4,1.33
"070101000102700005","070101000102700005",1,2700,1,"070101000102700005 , Callao,Callao,Callao,Centro Poblado: Callao,Mza: 005","005",90,89,44,3,0,0,0,0,0,0,44,2,0,0,1,0,0,8,4,29,2,1,4,44,3,52,179,50.3,44,18.2,0.75
"070101000102800019","070101000102800019",1,2800,1,"070101000102800019 , Callao,Callao,Callao,Centro Poblado: Callao,Mza: 019","019",91,84,35,0,0,0,0,0,1,0,35,1,0,0,0,0,0,6,3,20,6,0,3,35,5,38,175,52,35,17.1,1.67
"070101000101600042","070101000101600042",1,1600,1,"070101000101600042 , Callao,Callao,Callao,Centro Poblado: Callao,Mza: 042","042",93,104,40,10,0,0,0,0,0,0,50,0,0,0,0,0,0,20,1,22,7,0,3,50,4,52,197,47.2,50,40,1.33
"070101000101600015","070101000101600015",1,1600,1,"070101000101600015 , Callao,Callao,Callao,Centro Poblado: Callao,Mza: 015","015",159,147,55,5,0,0,0,0,0,0,60,0,0,0,0,0,0,20,3,30,7,0,3,60,3,89,306,52,60,33.3,1
"070101000102600010","070101000102600010",1,2600,1,"070101000102600010 , Callao,Callao,Callao,Centro Poblado: Callao,Mza: 010","010",84,87,31,0,5,0,0,0,0,0,33,3,0,0,0,0,0,14,1,15,3,0,3,33,4,47,171,49.1,33,42.4,1.33
"070101000102600028","070101000102600028",1,2600,1,"070101000102600028 , Callao,Callao,Callao,Centro Poblado: Callao,Mza: 028","028",65,74,24,0,0,0,0,0,0,0,23,1,0,0,0,0,0,2,1,19,1,0,4,23,4,39,139,46.8,23,8.7,1
"070101000102700027","070101000102700027",1,2700,1,"070101000102700027 , Callao,Callao,Callao,Centro Poblado: Callao,Mza: 027","027",65,66,33,0,0,0,0,0,0,0,32,1,0,0,0,0,0,3,1,27,1,0,3,32,4,32,131,49.6,32,9.4,1.33
"070101000102600039","070101000102600039",1,2600,1,"070101000102600039 , Callao,Callao,Callao,Centro Poblado: Callao,Mza: 039","039",169,201,59,39,1,0,1,2,0,0,97,2,0,1,0,0,1,53,6,35,3,0,3,97,4,100,370,45.7,97,54.6,1.33
"070101000102800009","070101000102800009",1,2800,1,"070101000102800009 , Callao,Callao,Callao,Centro Poblado: Callao,Mza: 009","009",72,75,31,0,0,0,0,0,0,0,27,0,1,0,0,1,2,1,2,23,1,0,3,27,4,34,147,49,27,3.7,1.33
"070101000102500036","070101000102500036",1,2500,1,"070101000102500036 , Callao,Callao,Callao,Centro Poblado: Callao,Mza: 036","036",114,117,34,7,0,0,0,0,0,0,40,1,0,0,0,0,0,12,1,24,3,0,4,40,5,47,231,49.4,40,30,1.25
"070101000102500005","070101000102500005",1,2500,1,"070101000102500005 , Callao,Callao,Callao,Centro Poblado: Callao,Mza: 005","005",119,145,55,19,0,0,0,0,0,0,70,2,0,0,0,0,2,25,13,22,10,0,3,70,4,74,264,45.1,70,35.7,1.33
"070101000101600037","070101000101600037",1,1600,1,"070101000101600037 , Callao,Callao,Callao,Centro Poblado: Callao,Mza: 037","037",68,84,45,0,4,0,0,0,0,0,49,0,0,0,0,0,0,17,1,30,1,0,3,49,3,51,152,44.7,49,34.7,1
"070101000102700014","070101000102700014",1,2700,1,"070101000102700014 , Callao,Callao,Callao,Centro Poblado: Callao,Mza: 014","014",152,165,77,3,0,0,0,0,0,0,76,4,0,0,0,0,0,15,15,42,4,0,3,76,4,82,317,47.9,76,19.7,1.33
"070101000102800016","070101000102800016",1,2800,1,"070101000102800016 , Callao,Callao,Callao,Centro Poblado: Callao,Mza: 016","016",80,93,43,0,0,0,0,0,0,0,40,1,0,0,2,0,0,9,5,22,4,0,3,40,4,45,173,46.2,40,22.5,1.33
"070101000101600058","070101000101600058",1,1600,1,"070101000101600058 , Callao,Callao,Callao,Centro Poblado: Callao,Mza: 058","058",67,93,30,0,12,0,0,0,0,0,42,0,0,0,0,0,0,14,2,24,2,0,3,42,4,42,160,41.9,42,33.3,1.33
"070101000102700011","070101000102700011",1,2700,1,"070101000102700011 , Callao,Callao,Callao,Centro Poblado: Callao,Mza: 011","011",148,159,52,4,0,0,0,0,0,0,50,4,0,1,0,1,0,8,0,41,1,0,4,50,4,73,307,48.2,50,16,1
"070101000102500019","070101000102500019",1,2500,1,"070101000102500019 , Callao,Callao,Callao,Centro Poblado: Callao,Mza: 019","019",154,184,65,13,0,0,0,0,0,0,77,0,0,0,0,0,1,15,3,55,4,0,3,77,4,81,338,45.6,77,19.5,1.33
"070101000101600064","070101000101600064",1,1600,1,"070101000101600064 , Callao,Callao,Callao,Centro Poblado: Callao,Mza: 064","064",104,86,38,2,0,0,0,3,0,0,42,0,0,0,1,0,0,11,6,23,2,0,3,42,4,49,190,54.7,42,26.2,1.33
"070101000102600045","070101000102600045",1,2600,1,"070101000102600045 , Callao,Callao,Callao,Centro Poblado: Callao,Mza: 045","045",68,77,29,9,0,0,0,0,0,0,36,0,1,0,1,0,0,10,5,20,1,0,3,36,4,37,145,46.9,36,27.8,1.33
"070101000102500051","070101000102500051",1,2500,1,"070101000102500051 , Callao,Callao,Callao,Centro Poblado: Callao,Mza: 051","051",115,126,49,6,0,0,0,0,0,0,53,1,0,0,1,0,0,9,9,29,6,0,3,53,4,58,241,47.7,53,17,1.33
"070101000102800008","070101000102800008",1,2800,1,"070101000102800008 , Callao,Callao,Callao,Centro Poblado: Callao,Mza: 008","008",73,85,31,5,0,0,0,0,0,0,35,0,0,0,1,0,0,9,6,17,3,0,4,35,4,40,158,46.2,35,25.7,1
"070101000102500016","070101000102500016",1,2500,1,"070101000102500016 , Callao,Callao,Callao,Centro Poblado: Callao,Mza: 016","016",77,82,44,0,0,0,0,0,0,0,40,3,0,1,0,0,0,5,0,30,5,0,3,40,4,42,159,48.4,40,12.5,1.33
"070101000102600032A","070101000102600032A",1,2600,1,"070101000102600032A, Callao,Callao,Callao,Centro Poblado: Callao,Mza: 032A","032A",81,85,41,0,0,0,0,0,0,0,40,0,0,0,0,0,1,13,11,16,0,0,3,40,4,45,166,48.8,40,32.5,1.33
"070101000102600025","070101000102600025",1,2600,1,"070101000102600025 , Callao,Callao,Callao,Centro Poblado: Callao,Mza: 025","025",76,74,14,13,0,0,0,0,0,0,26,1,0,0,0,0,0,9,1,13,3,0,3,26,4,34,150,50.7,26,34.6,1.33
"070101000102500031","070101000102500031",1,2500,1,"070101000102500031 , Callao,Callao,Callao,Centro Poblado: Callao,Mza: 031","031",61,57,31,0,0,0,0,0,0,0,30,0,0,0,1,0,0,6,0,21,3,0,3,30,4,30,118,51.7,30,20,1.33
"070101000101600038","070101000101600038",1,1600,1,"070101000101600038 , Callao,Callao,Callao,Centro Poblado: Callao,Mza: 038","038",84,71,22,7,2,0,0,0,0,0,31,0,0,0,0,0,0,13,0,12,6,0,3,31,4,41,155,54.2,31,41.9,1.33
"070101000101600033","070101000101600033",1,1600,1,"070101000101600033 , Callao,Callao,Callao,Centro Poblado: Callao,Mza: 033","033",99,90,27,0,0,0,0,0,0,0,27,0,0,0,0,0,0,3,2,20,2,0,4,27,5,39,189,52.4,27,11.1,1.25
"070101000102500039","070101000102500039",1,2500,1,"070101000102500039 , Callao,Callao,Callao,Centro Poblado: Callao,Mza: 039","039",67,63,22,0,0,0,0,0,0,0,21,1,0,0,0,0,0,2,1,18,0,0,4,21,4,29,130,51.5,21,9.5,1
"070101000102600001","070101000102600001",1,2600,1,"070101000102600001 , Callao,Callao,Callao,Centro Poblado: Callao,Mza: 001","001",158,158,38,14,0,0,0,0,0,0,52,0,0,0,0,0,0,5,5,32,10,0,4,52,4,77,316,50,52,9.6,1
"070101000102500011","070101000102500011",1,2500,1,"070101000102500011 , Callao,Callao,Callao,Centro Poblado: Callao,Mza: 011","011",64,56,24,5,0,0,0,0,0,0,28,1,0,0,0,0,0,5,7,14,2,0,3,28,4,31,120,53.3,28,17.9,1.33
"070101000102700048","070101000102700048",1,2700,1,"070101000102700048 , Callao,Callao,Callao,Centro Poblado: Callao,Mza: 048","048",77,83,33,0,0,0,0,0,0,0,32,1,0,0,0,0,0,3,6,23,0,0,4,32,4,38,160,48.1,32,9.4,1
"070101000102700059","070101000102700059",1,2700,1,"070101000102700059 , Callao,Callao,Callao,Centro Poblado: Callao,Mza: 059","059",131,121,35,11,0,0,0,2,0,0,47,1,0,0,0,0,0,10,3,21,13,0,3,47,4,60,252,52,47,21.3,1.33
"070101000102500032","070101000102500032",1,2500,1,"070101000102500032 , Callao,Callao,Callao,Centro Poblado: Callao,Mza: 032","032",101,113,51,0,0,0,0,0,0,0,49,0,1,0,1,0,0,8,6,29,6,0,3,49,4,57,214,47.2,49,16.3,1.33
"070101000102700010","070101000102700010",1,2700,1,"070101000102700010 , Callao,Callao,Callao,Centro Poblado: Callao,Mza: 010","010",76,94,39,0,0,0,0,0,0,0,35,3,0,0,1,0,0,5,0,25,5,0,3,35,4,38,170,44.7,35,14.3,1.33
"070101000102600058","070101000102600058",1,2600,1,"070101000102600058 , Callao,Callao,Callao,Centro Poblado: Callao,Mza: 058","058",186,192,66,33,0,0,0,0,0,0,97,2,0,0,0,0,0,35,5,54,3,0,3,97,4,99,378,49.2,97,36.1,1.33
"070101000102700051","070101000102700051",1,2700,1,"070101000102700051 , Callao,Callao,Callao,Centro Poblado: Callao,Mza: 051","051",22,28,11,0,0,0,0,0,1,0,12,0,0,0,0,0,0,0,1,9,2,0,4,12,3,16,50,44,12,0,0.75
"070101000102800007","070101000102800007",1,2800,1,"070101000102800007 , Callao,Callao,Callao,Centro Poblado: Callao,Mza: 007","007",80,88,42,0,0,0,0,0,0,0,41,0,1,0,0,0,0,9,2,26,4,0,2,41,4,44,168,47.6,41,22,2
"070101000101600057","070101000101600057",1,1600,1,"070101000101600057 , Callao,Callao,Callao,Centro Poblado: Callao,Mza: 057","057",119,124,47,5,0,0,0,0,0,0,52,0,0,0,0,0,0,16,2,31,3,0,3,52,5,53,243,49,52,30.8,1.67
"070101000101600051","070101000101600051",1,1600,1,"070101000101600051 , Callao,Callao,Callao,Centro Poblado: Callao,Mza: 051","051",71,64,30,0,0,0,0,0,0,0,29,1,0,0,0,0,0,0,6,23,0,0,3,29,4,33,135,52.6,29,0,1.33
"070101000102800012","070101000102800012",1,2800,1,"070101000102800012 , Callao,Callao,Callao,Centro Poblado: Callao,Mza: 012","012",122,105,46,14,0,0,0,0,0,0,59,0,1,0,0,0,0,20,2,24,13,0,3,59,4,61,227,53.7,59,33.9,1.33
"070101000102500015","070101000102500015",1,2500,1,"070101000102500015 , Callao,Callao,Callao,Centro Poblado: Callao,Mza: 015","015",53,56,21,0,0,0,0,0,0,0,20,1,0,0,0,0,0,2,5,10,3,0,4,20,4,26,109,48.6,20,10,1
"070101000102600024","070101000102600024",1,2600,1,"070101000102600024 , Callao,Callao,Callao,Centro Poblado: Callao,Mza: 024","024",86,104,40,6,0,0,0,0,0,0,46,0,0,0,0,0,0,8,2,33,3,0,3,46,4,47,190,45.3,46,17.4,1.33
"070101000102800006","070101000102800006",1,2800,1,"070101000102800006 , Callao,Callao,Callao,Centro Poblado: Callao,Mza: 006","006",108,106,35,6,2,1,0,4,0,0,48,0,0,0,0,0,0,10,2,30,6,0,3,48,4,58,214,50.5,48,20.8,1.33
"070101000102600029","070101000102600029",1,2600,1,"070101000102600029 , Callao,Callao,Callao,Centro Poblado: Callao,Mza: 029","029",63,58,18,4,0,0,0,0,0,0,20,1,1,0,0,0,0,3,0,15,2,0,4,20,3,38,121,52.1,20,15,0.75
"070101000101600014","070101000101600014",1,1600,1,"070101000101600014 , Callao,Callao,Callao,Centro Poblado: Callao,Mza: 014","014",82,81,37,0,0,0,0,0,0,0,37,0,0,0,0,0,0,7,1,29,0,0,3,37,4,45,163,50.3,37,18.9,1.33
"070101000102600019","070101000102600019",1,2600,1,"070101000102600019 , Callao,Callao,Callao,Centro Poblado: Callao,Mza: 019","019",142,142,54,2,0,0,0,0,0,0,55,0,1,0,0,0,0,16,3,34,2,0,4,55,5,57,284,50,55,29.1,1.25
"070101000102500006","070101000102500006",1,2500,1,"070101000102500006 , Callao,Callao,Callao,Centro Poblado: Callao,Mza: 006","006",25,28,10,0,0,0,0,0,0,0,10,0,0,0,0,0,0,2,0,8,0,0,4,10,4,15,53,47.2,10,20,1
"070101000102500048","070101000102500048",1,2500,1,"070101000102500048 , Callao,Callao,Callao,Centro Poblado: Callao,Mza: 048","048",41,49,16,0,0,0,0,0,0,0,16,0,0,0,0,0,0,2,2,8,3,1,3,16,4,20,90,45.6,16,12.5,1.33
"070101000102600052","070101000102600052",1,2600,1,"070101000102600052 , Callao,Callao,Callao,Centro Poblado: Callao,Mza: 052","052",92,80,28,9,0,0,0,2,0,0,39,0,0,0,0,0,0,13,1,23,2,0,3,39,4,40,172,53.5,39,33.3,1.33
"070101000101600061","070101000101600061",1,1600,1,"070101000101600061 , Callao,Callao,Callao,Centro Poblado: Callao,Mza: 061","061",50,51,28,0,0,0,0,0,0,0,25,3,0,0,0,0,0,5,3,15,2,0,3,25,4,25,101,49.5,25,20,1.33
"070101000102500007","070101000102500007",1,2500,1,"070101000102500007 , Callao,Callao,Callao,Centro Poblado: Callao,Mza: 007","007",34,39,13,0,0,0,0,0,0,0,13,0,0,0,0,0,0,1,1,11,0,0,3,13,4,17,73,46.6,13,7.7,1.33
"070101000102600002","070101000102600002",1,2600,1,"070101000102600002 , Callao,Callao,Callao,Centro Poblado: Callao,Mza: 002","002",61,74,19,16,0,0,0,0,0,0,35,0,0,0,0,0,0,3,0,26,6,0,3,35,3,42,135,45.2,35,8.6,1
"070101000101600013","070101000101600013",1,1600,1,"070101000101600013 , Callao,Callao,Callao,Centro Poblado: Callao,Mza: 013","013",89,83,37,9,0,0,1,0,0,0,44,2,0,0,0,0,0,13,3,26,2,0,3,44,3,54,172,51.7,44,29.5,1
"070101000102500033","070101000102500033",1,2500,1,"070101000102500033 , Callao,Callao,Callao,Centro Poblado: Callao,Mza: 033","033",112,129,64,10,0,0,0,0,0,0,71,2,0,0,1,0,0,26,5,29,11,0,2,71,3,72,241,46.5,71,36.6,1.5
"070101000102700016","070101000102700016",1,2700,1,"070101000102700016 , Callao,Callao,Callao,Centro Poblado: Callao,Mza: 016","016",122,127,53,4,0,0,0,0,0,0,57,0,0,0,0,0,0,12,5,38,2,0,3,57,4,67,249,49,57,21.1,1.33
"070101000102600061","070101000102600061",1,2600,1,"070101000102600061 , Callao,Callao,Callao,Centro Poblado: Callao,Mza: 061","061",22,24,16,2,0,0,0,0,0,0,15,0,2,0,1,0,0,7,0,7,1,0,3,15,3,15,46,47.8,15,46.7,1
"070101000102600053","070101000102600053",1,2600,1,"070101000102600053 , Callao,Callao,Callao,Centro Poblado: Callao,Mza: 053","053",130,122,63,6,3,0,0,0,0,0,72,0,0,0,0,0,0,24,4,41,3,0,3,72,3,73,252,51.6,72,33.3,1
"070101000102500042","070101000102500042",1,2500,1,"070101000102500042 , Callao,Callao,Callao,Centro Poblado: Callao,Mza: 042","042",40,41,12,0,0,0,1,2,0,0,14,0,0,0,0,0,0,2,1,11,0,0,3,14,5,15,81,49.4,14,14.3,1.67
"070101000102600007","070101000102600007",1,2600,1,"070101000102600007 , Callao,Callao,Callao,Centro Poblado: Callao,Mza: 007","007",92,102,43,12,0,0,0,0,0,0,52,1,2,0,0,0,0,20,4,21,7,0,2,52,4,55,194,47.4,52,38.5,2
"070101000102500056","070101000102500056",1,2500,1,"070101000102500056 , Callao,Callao,Callao,Centro Poblado: Callao,Mza: 056","056",72,73,62,0,0,0,0,0,0,0,45,2,10,0,0,0,5,13,6,15,11,0,2,45,3,45,145,49.7,45,28.9,1.5
"070101000102800013","070101000102800013",1,2800,1,"070101000102800013 , Callao,Callao,Callao,Centro Poblado: Callao,Mza: 013","013",76,72,31,2,0,0,0,0,0,0,32,0,1,0,0,0,0,16,0,15,1,0,3,32,5,32,148,51.4,32,50,1.67
"070101000102500020","070101000102500020",1,2500,1,"070101000102500020 , Callao,Callao,Callao,Centro Poblado: Callao,Mza: 020","020",83,102,52,2,0,0,0,0,0,0,50,3,0,0,1,0,0,6,4,30,10,0,3,50,4,51,185,44.9,50,12,1.33
"070101000101600052","070101000101600052",1,1600,1,"070101000101600052 , Callao,Callao,Callao,Centro Poblado: Callao,Mza: 052","052",93,99,48,2,0,0,0,0,0,0,50,0,0,0,0,0,0,22,8,20,0,0,2,50,3,55,192,48.4,50,44,1.5
"070101000102800011","070101000102800011",1,2800,1,"070101000102800011 , Callao,Callao,Callao,Centro Poblado: Callao,Mza: 011","011",67,79,38,0,0,0,0,0,0,0,37,0,0,0,1,0,0,4,0,29,4,0,4,37,4,39,146,45.9,37,10.8,1
"070101000102500002","070101000102500002",1,2500,1,"070101000102500002 , Callao,Callao,Callao,Centro Poblado: Callao,Mza: 002","002",97,117,32,15,0,0,3,0,0,0,42,3,1,0,0,0,1,21,7,14,0,0,3,42,4,46,214,45.3,42,50,1.33
"070101000101600034","070101000101600034",1,1600,1,"070101000101600034 , Callao,Callao,Callao,Centro Poblado: Callao,Mza: 034","034",72,82,26,1,0,0,0,0,0,0,27,0,0,0,0,0,0,14,2,11,0,0,4,27,3,51,154,46.8,27,51.9,0.75
"070101000101600025","070101000101600025",1,1600,1,"070101000101600025 , Callao,Callao,Callao,Centro Poblado: Callao,Mza: 025","025",47,46,24,1,0,0,2,0,0,0,25,0,0,0,0,0,0,8,3,13,1,0,2,25,3,27,93,50.5,25,32,1.5
"070101000102700019","070101000102700019",1,2700,1,"070101000102700019 , Callao,Callao,Callao,Centro Poblado: Callao,Mza: 019","019",105,111,61,2,0,0,0,0,0,0,53,0,1,7,0,2,0,7,2,39,5,0,3,53,4,53,216,48.6,53,13.2,1.33
"070101000102700021A","070101000102700021A",1,2700,1,"070101000102700021A, Callao,Callao,Callao,Centro Poblado: Callao,Mza: 021A","021A",73,84,42,6,0,0,0,0,1,0,41,0,5,0,0,2,1,11,2,25,3,0,3,41,4,41,157,46.5,41,26.8,1.33
"070101000102600026","070101000102600026",1,2600,1,"070101000102600026 , Callao,Callao,Callao,Centro Poblado: Callao,Mza: 026","026",162,175,51,16,0,0,0,0,0,0,64,0,1,0,2,0,0,19,2,37,6,0,3,64,4,76,337,48.1,64,29.7,1.33
"070101000101600021","070101000101600021",1,1600,1,"070101000101600021 , Callao,Callao,Callao,Centro Poblado: Callao,Mza: 021","021",1770,1785,80,0,0,0,1,0,0,0,80,0,0,0,0,0,0,37,4,33,6,0,2,80,4,83,3555,49.8,80,46.2,2
"070101000102700053","070101000102700053",1,2700,1,"070101000102700053 , Callao,Callao,Callao,Centro Poblado: Callao,Mza: 053","053",121,119,56,2,0,0,0,0,0,0,58,0,0,0,0,0,0,11,5,32,10,0,3,58,4,59,240,50.4,58,19,1.33
"070101000102600044","070101000102600044",1,2600,1,"070101000102600044 , Callao,Callao,Callao,Centro Poblado: Callao,Mza: 044","044",53,70,28,4,0,0,0,0,0,0,32,0,0,0,0,0,0,10,3,18,1,0,3,32,4,33,123,43.1,32,31.2,1.33
"070101000102800015","070101000102800015",1,2800,1,"070101000102800015 , Callao,Callao,Callao,Centro Poblado: Callao,Mza: 015","015",117,139,63,2,0,0,0,0,0,0,57,4,2,0,1,1,0,13,11,24,9,0,3,57,4,72,256,45.7,57,22.8,1.33
"070101000102700013","070101000102700013",1,2700,1,"070101000102700013 , Callao,Callao,Callao,Centro Poblado: Callao,Mza: 013","013",186,201,79,20,0,0,0,0,0,0,92,5,0,1,1,0,0,31,5,52,3,1,3,92,4,102,387,48.1,92,33.7,1.33
"070101000102700007","070101000102700007",1,2700,1,"070101000102700007 , Callao,Callao,Callao,Centro Poblado: Callao,Mza: 007","007",113,136,57,1,0,0,0,0,0,0,57,1,0,0,0,0,0,6,5,40,6,0,3,57,4,63,249,45.4,57,10.5,1.33
"070101000101600029","070101000101600029",1,1600,1,"070101000101600029 , Callao,Callao,Callao,Centro Poblado: Callao,Mza: 029","029",105,95,51,0,0,0,0,0,0,0,50,0,1,0,0,0,0,17,2,28,3,0,3,50,3,59,200,52.5,50,34,1
"070101000102500045","070101000102500045",1,2500,1,"070101000102500045 , Callao,Callao,Callao,Centro Poblado: Callao,Mza: 045","045",183,204,98,14,0,0,0,0,0,0,99,8,4,1,0,0,0,30,5,52,12,0,2,99,4,107,387,47.3,99,30.3,2
"070101000102500055","070101000102500055",1,2500,1,"070101000102500055 , Callao,Callao,Callao,Centro Poblado: Callao,Mza: 055","055",48,44,29,0,0,0,0,0,0,0,21,1,6,0,0,0,1,3,4,9,5,0,3,21,4,23,92,52.2,21,14.3,1.33
"070101000102600060","070101000102600060",1,2600,1,"070101000102600060 , Callao,Callao,Callao,Centro Poblado: Callao,Mza: 060","060",109,104,52,2,0,0,0,0,0,0,53,0,0,1,0,0,0,8,6,37,2,0,3,53,4,56,213,51.2,53,15.1,1.33
"070101000102700015","070101000102700015",1,2700,1,"070101000102700015 , Callao,Callao,Callao,Centro Poblado: Callao,Mza: 015","015",110,118,40,10,0,0,0,0,0,0,47,2,0,0,0,1,0,14,4,29,0,0,4,47,3,66,228,48.2,47,29.8,0.75
"070101000102700041","070101000102700041",1,2700,1,"070101000102700041 , Callao,Callao,Callao,Centro Poblado: Callao,Mza: 041","041",23,28,13,17,0,0,0,0,0,0,23,1,5,0,1,0,0,4,3,15,1,0,3,23,2,23,51,45.1,23,17.4,0.67
"070101000101600027","070101000101600027",1,1600,1,"070101000101600027 , Callao,Callao,Callao,Centro Poblado: Callao,Mza: 027","027",94,81,30,5,0,0,1,0,0,0,32,2,0,0,1,0,0,10,0,21,1,0,4,32,4,45,175,53.7,32,31.2,1
"070101000102700034","070101000102700034",1,2700,1,"070101000102700034 , Callao,Callao,Callao,Centro Poblado: Callao,Mza: 034","034",92,115,60,2,0,0,0,0,0,0,57,2,1,0,2,0,0,20,6,27,4,0,3,57,4,59,207,44.4,57,35.1,1.33
"070101000102600054","070101000102600054",1,2600,1,"070101000102600054 , Callao,Callao,Callao,Centro Poblado: Callao,Mza: 054","054",90,105,39,10,0,0,0,0,0,0,47,1,1,0,0,0,0,16,0,20,11,0,3,47,4,48,195,46.2,47,34,1.33
"070101000102700032","070101000102700032",1,2700,1,"070101000102700032 , Callao,Callao,Callao,Centro Poblado: Callao,Mza: 032","032",63,70,29,3,0,0,0,0,0,0,29,1,0,1,1,0,0,3,3,22,1,0,4,29,4,37,133,47.4,29,10.3,1
"070101000102700052","070101000102700052",1,2700,1,"070101000102700052 , Callao,Callao,Callao,Centro Poblado: Callao,Mza: 052","052",113,124,44,5,0,0,0,0,0,0,49,0,0,0,0,0,0,3,2,37,7,0,4,49,4,58,237,47.7,49,6.1,1
"070101000102700033","070101000102700033",1,2700,1,"070101000102700033 , Callao,Callao,Callao,Centro Poblado: Callao,Mza: 033","033",67,88,36,0,0,0,0,0,0,0,36,0,0,0,0,0,0,13,4,19,0,0,3,36,4,37,155,43.2,36,36.1,1.33
"070101000102700031","070101000102700031",1,2700,1,"070101000102700031 , Callao,Callao,Callao,Centro Poblado: Callao,Mza: 031","031",130,106,50,0,0,0,0,0,0,0,47,2,0,0,1,0,0,12,1,31,3,0,3,47,4,57,236,55.1,47,25.5,1.33
"070101000102500018","070101000102500018",1,2500,1,"070101000102500018 , Callao,Callao,Callao,Centro Poblado: Callao,Mza: 018","018",69,92,34,0,0,0,0,0,0,0,34,0,0,0,0,0,0,1,0,24,9,0,3,34,4,42,161,42.9,34,2.9,1.33
"070101000102600042","070101000102600042",1,2600,1,"070101000102600042 , Callao,Callao,Callao,Centro Poblado: Callao,Mza: 042","042",172,189,80,9,0,0,0,2,0,0,89,0,1,0,1,0,0,23,5,52,9,0,3,89,4,95,361,47.6,89,25.8,1.33
"070101000102600018","070101000102600018",1,2600,1,"070101000102600018 , Callao,Callao,Callao,Centro Poblado: Callao,Mza: 018","018",117,131,50,0,0,0,0,0,0,0,50,0,0,0,0,0,0,10,2,30,8,0,3,50,4,64,248,47.2,50,20,1.33
"070101000102600055","070101000102600055",1,2600,1,"070101000102600055 , Callao,Callao,Callao,Centro Poblado: Callao,Mza: 055","055",50,56,15,13,0,0,0,0,0,0,25,1,2,0,0,0,0,13,0,12,0,0,3,25,4,27,106,47.2,25,52,1.33
"070101000101600022","070101000101600022",1,1600,1,"070101000101600022 , Callao,Callao,Callao,Centro Poblado: Callao,Mza: 022","022",110,110,46,5,0,0,1,0,0,0,51,0,0,0,0,0,0,18,0,25,8,0,3,51,4,57,220,50,51,35.3,1.33
"070101000102700026","070101000102700026",1,2700,1,"070101000102700026 , Callao,Callao,Callao,Centro Poblado: Callao,Mza: 026","026",24,27,12,2,0,0,0,0,0,0,13,1,0,0,0,0,0,2,0,11,0,0,4,13,4,14,51,47.1,13,15.4,1
"070101000102800010","070101000102800010",1,2800,1,"070101000102800010 , Callao,Callao,Callao,Centro Poblado: Callao,Mza: 010","010",92,92,28,9,0,0,0,0,0,0,36,1,0,0,0,0,0,10,2,17,7,0,4,36,5,36,184,50,36,27.8,1.25
"070101000102700020","070101000102700020",1,2700,1,"070101000102700020 , Callao,Callao,Callao,Centro Poblado: Callao,Mza: 020","020",95,90,39,12,0,0,0,0,0,0,46,4,1,0,0,0,0,9,0,29,8,0,3,46,4,46,185,51.4,46,19.6,1.33
"070101000102500017","070101000102500017",1,2500,1,"070101000102500017 , Callao,Callao,Callao,Centro Poblado: Callao,Mza: 017","017",92,78,36,5,0,0,0,0,0,0,41,0,0,0,0,0,0,9,9,19,4,0,3,41,4,41,170,54.1,41,22,1.33
"070101000101600053","070101000101600053",1,1600,1,"070101000101600053 , Callao,Callao,Callao,Centro Poblado: Callao,Mza: 053","053",58,75,36,0,0,0,0,0,0,0,36,0,0,0,0,0,0,22,0,13,1,0,2,36,3,48,133,43.6,36,61.1,1.5
"070101000102700046","070101000102700046",1,2700,1,"070101000102700046 , Callao,Callao,Callao,Centro Poblado: Callao,Mza: 046","046",67,66,24,0,0,0,0,0,0,0,23,1,0,0,0,0,0,1,1,19,2,0,4,23,4,31,133,50.4,23,4.3,1
"070101000102700003","070101000102700003",1,2700,1,"070101000102700003 , Callao,Callao,Callao,Centro Poblado: Callao,Mza: 003","003",56,54,26,4,0,0,0,0,0,0,27,1,2,0,0,0,0,5,3,15,4,0,3,27,4,29,110,50.9,27,18.5,1.33
"070101000101600026","070101000101600026",1,1600,1,"070101000101600026 , Callao,Callao,Callao,Centro Poblado: Callao,Mza: 026","026",118,107,43,8,0,0,0,0,0,0,51,0,0,0,0,0,0,21,1,22,7,0,3,51,4,55,225,52.4,51,41.2,1.33
"070101000102500021","070101000102500021",1,2500,1,"070101000102500021 , Callao,Callao,Callao,Centro Poblado: Callao,Mza: 021","021",111,130,42,8,0,1,0,0,0,0,49,1,1,0,0,0,0,12,5,27,5,0,3,49,4,57,241,46.1,49,24.5,1.33
"070101000101600028","070101000101600028",1,1600,1,"070101000101600028 , Callao,Callao,Callao,Centro Poblado: Callao,Mza: 028","028",86,105,54,2,0,0,0,0,0,0,54,2,0,0,0,0,0,22,1,31,0,0,3,54,3,57,191,45,54,40.7,1
"070101000102500004","070101000102500004",1,2500,1,"070101000102500004 , Callao,Callao,Callao,Centro Poblado: Callao,Mza: 004","004",31,30,17,0,0,0,0,0,0,0,17,0,0,0,0,0,0,11,1,5,0,0,3,17,4,17,61,50.8,17,64.7,1.33
"070101000102600047","070101000102600047",1,2600,1,"070101000102600047 , Callao,Callao,Callao,Centro Poblado: Callao,Mza: 047","047",75,79,27,9,0,0,0,4,0,0,40,0,0,0,0,0,0,12,1,18,9,0,2,40,4,43,154,48.7,40,30,2
"070101000102700017","070101000102700017",1,2700,1,"070101000102700017 , Callao,Callao,Callao,Centro Poblado: Callao,Mza: 017","017",60,48,19,7,0,0,0,0,0,0,23,0,0,3,0,0,0,8,0,14,1,0,3,23,4,26,108,55.6,23,34.8,1.33
"070101000102600033","070101000102600033",1,2600,1,"070101000102600033 , Callao,Callao,Callao,Centro Poblado: Callao,Mza: 033","033",123,142,53,9,0,0,0,3,0,0,63,2,0,0,0,0,0,29,2,28,4,0,3,63,4,69,265,46.4,63,46,1.33
"070101000102700040","070101000102700040",1,2700,1,"070101000102700040 , Callao,Callao,Callao,Centro Poblado: Callao,Mza: 040","040",79,73,25,16,0,0,0,0,0,0,40,0,0,0,1,0,0,9,6,20,5,0,3,40,4,43,152,52,40,22.5,1.33
"070101000102700009","070101000102700009",1,2700,1,"070101000102700009 , Callao,Callao,Callao,Centro Poblado: Callao,Mza: 009","009",69,75,41,0,0,0,0,0,0,0,33,1,5,0,2,0,0,0,5,25,3,0,4,33,4,40,144,47.9,33,0,1
"070101000102500025","070101000102500025",1,2500,1,"070101000102500025 , Callao,Callao,Callao,Centro Poblado: Callao,Mza: 025","025",12,18,7,0,1,0,0,0,0,0,8,0,0,0,0,0,0,3,1,4,0,0,4,8,4,8,30,40,8,37.5,1
"070101000102500040","070101000102500040",1,2500,1,"070101000102500040 , Callao,Callao,Callao,Centro Poblado: Callao,Mza: 040","040",94,103,40,0,0,0,0,0,0,0,37,1,0,0,0,0,2,9,6,14,8,0,3,37,4,48,197,47.7,37,24.3,1.33
"070101000102500013","070101000102500013",1,2500,1,"070101000102500013 , Callao,Callao,Callao,Centro Poblado: Callao,Mza: 013","013",89,71,41,3,0,0,1,0,0,0,43,0,1,0,0,0,0,4,6,31,2,0,4,43,4,44,160,55.6,43,9.3,1
"070101000102500046","070101000102500046",1,2500,1,"070101000102500046 , Callao,Callao,Callao,Centro Poblado: Callao,Mza: 046","046",63,62,29,2,0,0,0,0,0,0,31,0,0,0,0,0,0,2,10,12,7,0,3,31,4,32,125,50.4,31,6.5,1.33
"070101000102500052","070101000102500052",1,2500,1,"070101000102500052 , Callao,Callao,Callao,Centro Poblado: Callao,Mza: 052","052",122,130,70,0,0,0,0,0,0,0,69,1,0,0,0,0,0,33,1,28,7,0,3,69,3,74,252,48.4,69,47.8,1
"070101000102600009","070101000102600009",1,2600,1,"070101000102600009 , Callao,Callao,Callao,Centro Poblado: Callao,Mza: 009","009",70,59,33,0,8,0,0,0,0,0,36,4,1,0,0,0,0,9,0,23,4,0,3,36,3,39,129,54.3,36,25,1
"070101000101600040","070101000101600040",1,1600,1,"070101000101600040 , Callao,Callao,Callao,Centro Poblado: Callao,Mza: 040","040",75,85,38,3,0,0,0,0,0,0,41,0,0,0,0,0,0,18,0,14,9,0,3,41,3,46,160,46.9,41,43.9,1
"070101000102500034","070101000102500034",1,2500,1,"070101000102500034 , Callao,Callao,Callao,Centro Poblado: Callao,Mza: 034","034",55,48,33,0,0,0,0,0,0,0,33,0,0,0,0,0,0,6,14,13,0,0,3,33,3,33,103,53.4,33,18.2,1
"070101000102700036","070101000102700036",1,2700,1,"070101000102700036 , Callao,Callao,Callao,Centro Poblado: Callao,Mza: 036","036",99,92,44,0,0,0,0,0,0,0,43,0,0,0,1,0,0,10,4,23,5,1,3,43,4,49,191,51.8,43,23.3,1.33
"070101000102500026","070101000102500026",1,2500,1,"070101000102500026 , Callao,Callao,Callao,Centro Poblado: Callao,Mza: 026","026",91,81,43,0,0,0,0,0,0,0,39,0,4,0,0,0,0,1,6,28,4,0,4,39,4,43,172,52.9,39,2.6,1
"070101000101600019","070101000101600019",1,1600,1,"070101000101600019 , Callao,Callao,Callao,Centro Poblado: Callao,Mza: 019","019",115,131,45,15,0,0,0,0,0,0,60,0,0,0,0,0,0,20,5,20,15,0,3,60,3,73,246,46.7,60,33.3,1
"070101000102700023","070101000102700023",1,2700,1,"070101000102700023 , Callao,Callao,Callao,Centro Poblado: Callao,Mza: 023","023",87,101,38,11,0,0,0,0,0,0,46,2,1,0,0,0,0,17,5,17,7,0,3,46,4,48,188,46.3,46,37,1.33
"070101000102600031A","070101000102600031A",1,2600,1,"070101000102600031A, Callao,Callao,Callao,Centro Poblado: Callao,Mza: 031A","031A",42,47,10,0,0,0,1,0,0,0,10,0,0,0,0,0,0,2,0,7,1,0,3,10,3,11,89,47.2,10,20,1
"070101000101600045","070101000101600045",1,1600,1,"070101000101600045 , Callao,Callao,Callao,Centro Poblado: Callao,Mza: 045","045",78,99,31,2,0,0,0,0,0,0,32,1,0,0,0,0,0,7,2,21,2,0,3,32,4,40,177,44.1,32,21.9,1.33
"070101000102800005","070101000102800005",1,2800,1,"070101000102800005 , Callao,Callao,Callao,Centro Poblado: Callao,Mza: 005","005",73,91,39,1,0,0,0,0,0,0,40,0,0,0,0,0,0,18,5,12,5,0,3,40,4,42,164,44.5,40,45,1.33
"070101000102700022","070101000102700022",1,2700,1,"070101000102700022 , Callao,Callao,Callao,Centro Poblado: Callao,Mza: 022","022",105,87,47,7,0,0,0,0,0,0,49,4,0,0,1,0,0,11,7,21,10,0,3,49,4,50,192,54.7,49,22.4,1.33
"070101000102500009","070101000102500009",1,2500,1,"070101000102500009 , Callao,Callao,Callao,Centro Poblado: Callao,Mza: 009","009",90,86,29,0,0,0,0,0,0,0,29,0,0,0,0,0,0,2,0,24,3,0,4,29,4,50,176,51.1,29,6.9,1
"070101000102600020","070101000102600020",1,2600,1,"070101000102600020 , Callao,Callao,Callao,Centro Poblado: Callao,Mza: 020","020",59,61,27,0,0,0,0,0,0,0,26,1,0,0,0,0,0,2,2,22,0,0,3,26,4,27,120,49.2,26,7.7,1.33
"070101000102600051","070101000102600051",1,2600,1,"070101000102600051 , Callao,Callao,Callao,Centro Poblado: Callao,Mza: 051","051",109,113,32,14,0,0,0,1,0,0,46,1,0,0,0,0,0,15,3,23,5,0,3,46,5,49,222,49.1,46,32.6,1.67
"070101000102500054","070101000102500054",1,2500,1,"070101000102500054 , Callao,Callao,Callao,Centro Poblado: Callao,Mza: 054","054",67,60,33,0,0,0,0,0,0,0,31,2,0,0,0,0,0,7,0,17,7,0,2,31,4,31,127,52.8,31,22.6,2
"070101000102700045","070101000102700045",1,2700,1,"070101000102700045 , Callao,Callao,Callao,Centro Poblado: Callao,Mza: 045","045",65,71,27,13,0,0,0,0,0,0,35,1,1,0,0,3,0,8,6,18,3,0,3,35,3,39,136,47.8,35,22.9,1
"070101000101600054","070101000101600054",1,1600,1,"070101000101600054 , Callao,Callao,Callao,Centro Poblado: Callao,Mza: 054","054",99,82,34,21,0,0,0,0,0,0,53,1,0,0,1,0,0,24,0,22,7,0,3,53,3,55,181,54.7,53,45.3,1
"070101000101600016","070101000101600016",1,1600,1,"070101000101600016 , Callao,Callao,Callao,Centro Poblado: Callao,Mza: 016","016",50,54,23,0,0,0,0,0,0,0,23,0,0,0,0,0,0,1,1,17,4,0,3,23,4,26,104,48.1,23,4.3,1.33
"070101000102600059","070101000102600059",1,2600,1,"070101000102600059 , Callao,Callao,Callao,Centro Poblado: Callao,Mza: 059","059",147,174,85,0,0,0,0,0,0,0,81,4,0,0,0,0,0,17,24,39,1,0,3,81,4,87,321,45.8,81,21,1.33
"070101000102600012","070101000102600012",1,2600,1,"070101000102600012 , Callao,Callao,Callao,Centro Poblado: Callao,Mza: 012","012",199,195,90,16,0,1,0,0,0,0,105,2,0,0,0,0,0,19,12,66,8,0,3,105,4,107,394,50.5,105,18.1,1.33
"070101000102700028","070101000102700028",1,2700,1,"070101000102700028 , Callao,Callao,Callao,Centro Poblado: Callao,Mza: 028","028",65,90,47,0,0,0,0,0,0,0,42,1,0,0,2,1,1,27,0,13,2,0,3,42,4,43,155,41.9,42,64.3,1.33
"070101000101600044","070101000101600044",1,1600,1,"070101000101600044 , Callao,Callao,Callao,Centro Poblado: Callao,Mza: 044","044",90,94,39,0,0,0,0,0,0,0,39,0,0,0,0,0,0,10,2,27,0,0,3,39,4,46,184,48.9,39,25.6,1.33
"070101000102700055","070101000102700055",1,2700,1,"070101000102700055 , Callao,Callao,Callao,Centro Poblado: Callao,Mza: 055","055",75,67,27,7,0,0,0,0,0,0,33,0,1,0,0,0,0,5,7,18,3,0,4,33,3,46,142,52.8,33,15.2,0.75
"070101000101600039","070101000101600039",1,1600,1,"070101000101600039 , Callao,Callao,Callao,Centro Poblado: Callao,Mza: 039","039",71,68,22,0,0,0,0,0,0,0,21,0,0,0,1,0,0,4,1,16,0,0,3,21,4,31,139,51.1,21,19,1.33
"070101000102700012","070101000102700012",1,2700,1,"070101000102700012 , Callao,Callao,Callao,Centro Poblado: Callao,Mza: 012","012",184,219,66,18,0,0,0,0,0,0,82,1,0,0,1,0,0,18,15,45,4,0,4,82,4,106,403,45.7,82,22,1
"070101000101600043","070101000101600043",1,1600,1,"070101000101600043 , Callao,Callao,Callao,Centro Poblado: Callao,Mza: 043","043",94,96,28,22,1,0,0,2,0,0,53,0,0,0,0,0,0,28,10,13,2,0,3,53,3,59,190,49.5,53,52.8,1
"070101000101600060","070101000101600060",1,1600,1,"070101000101600060 , Callao,Callao,Callao,Centro Poblado: Callao,Mza: 060","060",105,95,43,4,0,0,0,0,0,0,47,0,0,0,0,0,0,16,4,26,1,0,3,47,4,55,200,52.5,47,34,1.33
"070101000102700044","070101000102700044",1,2700,1,"070101000102700044 , Callao,Callao,Callao,Centro Poblado: Callao,Mza: 044","044",66,64,39,1,0,0,0,0,1,0,40,0,0,0,1,0,0,14,1,25,0,0,3,40,3,42,130,50.8,40,35,1
"070101000101600023","070101000101600023",1,1600,1,"070101000101600023 , Callao,Callao,Callao,Centro Poblado: Callao,Mza: 023","023",38,34,20,3,0,0,0,0,0,0,23,0,0,0,0,0,0,5,3,15,0,0,3,23,3,24,72,52.8,23,21.7,1
"070101000102500053","070101000102500053",1,2500,1,"070101000102500053 , Callao,Callao,Callao,Centro Poblado: Callao,Mza: 053","053",57,74,34,0,0,0,0,0,0,0,34,0,0,0,0,0,0,1,0,29,4,0,3,34,3,38,131,43.5,34,2.9,1
"070101000102500029","070101000102500029",1,2500,1,"070101000102500029 , Callao,Callao,Callao,Centro Poblado: Callao,Mza: 029","029",70,83,35,0,0,0,0,0,0,0,35,0,0,0,0,0,0,7,1,18,9,0,3,35,4,41,153,45.8,35,20,1.33
"070101000102600011","070101000102600011",1,2600,1,"070101000102600011 , Callao,Callao,Callao,Centro Poblado: Callao,Mza: 011","011",119,119,59,9,0,0,0,0,0,0,68,0,0,0,0,0,0,24,2,41,1,0,2,68,3,76,238,50,68,35.3,1.5
"070101000102500027","070101000102500027",1,2500,1,"070101000102500027 , Callao,Callao,Callao,Centro Poblado: Callao,Mza: 027","027",95,91,36,3,0,0,0,0,0,0,38,0,0,0,1,0,0,10,9,18,1,0,4,38,5,41,186,51.1,38,26.3,1.25
"070101000102500001","070101000102500001",1,2500,1,"070101000102500001 , Callao,Callao,Callao,Centro Poblado: Callao,Mza: 001","001",100,117,32,18,0,0,2,0,1,0,50,1,0,0,0,0,0,23,8,16,3,0,3,50,3,53,217,46.1,50,46,1
"070101000102700050","070101000102700050",1,2700,1,"070101000102700050 , Callao,Callao,Callao,Centro Poblado: Callao,Mza: 050","050",82,105,28,11,0,0,0,0,0,0,37,1,0,0,1,0,0,5,4,25,3,0,3,37,4,50,187,43.9,37,13.5,1.33
"070101000102600035","070101000102600035",1,2600,1,"070101000102600035 , Callao,Callao,Callao,Centro Poblado: Callao,Mza: 035","035",194,186,72,29,0,0,0,0,0,0,99,1,0,0,0,1,0,29,4,54,12,0,3,99,4,108,380,51.1,99,29.3,1.33
"070101000102600008","070101000102600008",1,2600,1,"070101000102600008 , Callao,Callao,Callao,Centro Poblado: Callao,Mza: 008","008",83,91,54,0,0,0,0,0,0,0,54,0,0,0,0,0,0,21,1,26,6,0,2,54,3,56,174,47.7,54,38.9,1.5
"070101000101600047","070101000101600047",1,1600,1,"070101000101600047 , Callao,Callao,Callao,Centro Poblado: Callao,Mza: 047","047",53,60,26,5,0,2,0,0,0,0,32,1,0,0,0,0,0,6,6,12,8,0,3,32,3,33,113,46.9,32,18.8,1
"070101000102700042","070101000102700042",1,2700,1,"070101000102700042 , Callao,Callao,Callao,Centro Poblado: Callao,Mza: 042","042",95,97,34,0,0,0,0,0,0,0,29,1,4,0,0,0,0,3,3,15,7,1,5,29,4,48,192,49.5,29,10.3,0.8
"070101000102700001","070101000102700001",1,2700,1,"070101000102700001 , Callao,Callao,Callao,Centro Poblado: Callao,Mza: 001","001",66,77,29,2,0,0,0,0,0,0,31,0,0,0,0,0,0,3,0,22,6,0,3,31,4,36,143,46.2,31,9.7,1.33
"070101000102700058","070101000102700058",1,2700,1,"070101000102700058 , Callao,Callao,Callao,Centro Poblado: Callao,Mza: 058","058",57,80,29,0,0,0,0,0,0,0,27,2,0,0,0,0,0,10,0,15,2,0,4,27,4,31,137,41.6,27,37,1
"070101000101600020","070101000101600020",1,1600,1,"070101000101600020 , Callao,Callao,Callao,Centro Poblado: Callao,Mza: 020","020",93,94,31,3,0,0,0,1,0,0,35,0,0,0,0,0,0,11,5,19,0,0,4,35,4,53,187,49.7,35,31.4,1
"070101000102500041","070101000102500041",1,2500,1,"070101000102500041 , Callao,Callao,Callao,Centro Poblado: Callao,Mza: 041","041",95,96,34,2,0,1,0,0,0,0,36,1,0,0,0,0,0,5,6,24,1,0,4,36,5,37,191,49.7,36,13.9,1.25
"070101000102700008","070101000102700008",1,2700,1,"070101000102700008 , Callao,Callao,Callao,Centro Poblado: Callao,Mza: 008","008",100,93,50,6,0,0,0,0,0,0,45,1,10,0,0,0,0,9,3,30,3,0,4,45,4,47,193,51.8,45,20,1
"070101000102500008","070101000102500008",1,2500,1,"070101000102500008 , Callao,Callao,Callao,Centro Poblado: Callao,Mza: 008","008",121,147,36,0,0,0,0,0,0,0,36,0,0,0,0,0,0,2,6,27,1,0,5,36,5,56,268,45.1,36,5.6,1
"070101000102500010","070101000102500010",1,2500,1,"070101000102500010 , Callao,Callao,Callao,Centro Poblado: Callao,Mza: 010","010",45,53,31,0,0,0,0,0,0,0,27,3,1,0,0,0,0,7,6,13,1,0,3,27,4,27,98,45.9,27,25.9,1.33
"070101000101600031","070101000101600031",1,1600,1,"070101000101600031 , Callao,Callao,Callao,Centro Poblado: Callao,Mza: 031","031",138,130,51,10,5,0,0,1,0,0,67,0,0,0,0,0,0,43,4,19,1,0,3,67,3,87,268,51.5,67,64.2,1
"070101000102700035","070101000102700035",1,2700,1,"070101000102700035 , Callao,Callao,Callao,Centro Poblado: Callao,Mza: 035","035",103,107,51,0,0,0,1,0,0,0,50,1,0,0,0,0,0,24,8,15,3,0,3,50,3,55,210,49,50,48,1
"070101000102600015","070101000102600015",1,2600,1,"070101000102600015 , Callao,Callao,Callao,Centro Poblado: Callao,Mza: 015","015",48,67,21,13,0,0,0,0,0,0,32,2,0,0,0,0,0,7,4,21,0,0,3,32,4,32,115,41.7,32,21.9,1.33
"070101000102700004","070101000102700004",1,2700,1,"070101000102700004 , Callao,Callao,Callao,Centro Poblado: Callao,Mza: 004","004",139,155,56,10,0,0,0,0,0,0,62,4,0,0,0,0,0,10,11,34,7,0,4,62,4,72,294,47.3,62,16.1,1
"070101000102500023","070101000102500023",1,2500,1,"070101000102500023 , Callao,Callao,Callao,Centro Poblado: Callao,Mza: 023","023",74,75,45,11,0,0,0,0,1,0,34,0,23,0,0,0,0,7,5,21,1,0,3,34,3,45,149,49.7,34,20.6,1
"070101000102600005","070101000102600005",1,2600,1,"070101000102600005 , Callao,Callao,Callao,Centro Poblado: Callao,Mza: 005","005",85,103,45,0,0,0,0,0,0,0,44,0,0,1,0,0,0,18,4,19,3,0,3,44,4,46,188,45.2,44,40.9,1.33
"070101000102600041","070101000102600041",1,2600,1,"070101000102600041 , Callao,Callao,Callao,Centro Poblado: Callao,Mza: 041","041",145,178,72,1,0,0,0,0,0,0,71,0,0,0,1,0,1,19,4,40,8,0,3,71,4,81,323,44.9,71,26.8,1.33
"070101000102600036","070101000102600036",1,2600,1,"070101000102600036 , Callao,Callao,Callao,Centro Poblado: Callao,Mza: 036","036",78,73,22,19,0,0,0,0,0,0,41,0,0,0,0,0,0,8,2,24,7,0,3,41,3,45,151,51.7,41,19.5,1
"070101000101600035","070101000101600035",1,1600,1,"070101000101600035 , Callao,Callao,Callao,Centro Poblado: Callao,Mza: 035","035",57,65,35,0,0,0,0,0,0,0,35,0,0,0,0,0,0,14,1,16,4,0,3,35,3,35,122,46.7,35,40,1
"070101000102600034","070101000102600034",1,2600,1,"070101000102600034 , Callao,Callao,Callao,Centro Poblado: Callao,Mza: 034","034",103,136,38,8,0,0,1,0,0,0,45,1,0,0,0,0,0,6,0,34,5,0,3,45,4,52,239,43.1,45,13.3,1.33
"070101000102600057","070101000102600057",1,2600,1,"070101000102600057 , Callao,Callao,Callao,Centro Poblado: Callao,Mza: 057","057",146,145,72,9,0,0,0,0,0,0,81,0,0,0,0,0,0,15,11,44,11,0,3,81,4,82,291,50.2,81,18.5,1.33
"070101000102500044","070101000102500044",1,2500,1,"070101000102500044 , Callao,Callao,Callao,Centro Poblado: Callao,Mza: 044","044",24,25,13,0,0,1,0,0,0,0,13,1,0,0,0,0,0,6,1,6,0,0,3,13,4,14,49,49,13,46.2,1.33
"070101000102500030","070101000102500030",1,2500,1,"070101000102500030 , Callao,Callao,Callao,Centro Poblado: Callao,Mza: 030","030",50,48,23,0,0,0,0,0,0,0,23,0,0,0,0,0,0,8,0,15,0,0,3,23,4,27,98,51,23,34.8,1.33
"070101000102700030","070101000102700030",1,2700,1,"070101000102700030 , Callao,Callao,Callao,Centro Poblado: Callao,Mza: 030","030",88,111,31,2,0,0,0,0,0,0,32,0,0,0,1,0,0,9,3,18,2,0,4,32,4,52,199,44.2,32,28.1,1
"070101000102600006","070101000102600006",1,2600,1,"070101000102600006 , Callao,Callao,Callao,Centro Poblado: Callao,Mza: 006","006",168,165,65,0,0,0,0,0,0,0,62,0,0,0,2,0,1,23,0,31,8,0,3,62,5,64,333,50.5,62,37.1,1.67
"070101000102500012","070101000102500012",1,2500,1,"070101000102500012 , Callao,Callao,Callao,Centro Poblado: Callao,Mza: 012","012",134,162,38,4,0,0,0,0,0,0,42,0,0,0,0,0,0,5,6,29,2,0,5,42,4,68,296,45.3,42,11.9,0.8
"070101000101600018","070101000101600018",1,1600,1,"070101000101600018 , Callao,Callao,Callao,Centro Poblado: Callao,Mza: 018","018",83,87,33,9,0,0,0,0,0,0,42,0,0,0,0,0,0,11,0,29,2,0,3,42,3,53,170,48.8,42,26.2,1
"070101000102500050","070101000102500050",1,2500,1,"070101000102500050 , Callao,Callao,Callao,Centro Poblado: Callao,Mza: 050","050",82,97,42,12,0,0,0,0,0,0,53,0,0,0,1,0,0,23,6,22,2,0,3,53,3,57,179,45.8,53,43.4,1
"070101000102700029","070101000102700029",1,2700,1,"070101000102700029 , Callao,Callao,Callao,Centro Poblado: Callao,Mza: 029","029",98,108,44,4,0,0,0,0,0,0,44,2,0,0,0,0,2,14,4,24,2,0,3,44,3,66,206,47.6,44,31.8,1
