LLAVE_MZS,Mz,CODCCPP,ZONA,AREA,manzana_label,mza,sexo_hombre,sexo_mujer,tipoviv_casa_independiente,tipoviv_departamento_en_edificio,tipoviv_vivienda_en_casa_de_vecindad_callej_n_solar_o_corral_n_,tipoviv_vivienda_improvisada,tipoviv_viviendas_colectivas,tipoviv_vivienda_en_quinta,tipoviv_local_no_destinado_para_habitaci_n_humana,tipoviv_otro_tipo_de_vivienda_particular,ocup_ocupada_con_personas_presentes,ocup_ocupada_con_personas_ausentes,ocup_ocupada_de_uso_ocasional,ocup_desocupada_otra_causa,ocup_desocupada_abandonada_o_cerrada,ocup_desocupada_en_construcci_n_o_reparaci_n,ocup_desocupada_en_alquiler_o_venta,tenencia_alquilada,tenencia_propia_sin_t_tulo_de_propiedad,tenencia_propia_con_t_tulo_de_propiedad,tenencia_cedida,tenencia_otra_forma,habitaciones_promedio,viviendas_con_dato_habitaciones,personas_hogar_promedio,hogares_con_dato,poblacion_total,pct_hombres,viviendas_con_tenencia,pct_alquiler,hacinamiento_proxy
070101000102600037,070101000102600037,0001,02600,1,"070101000102600037 , Callao,Callao,Callao,Centro Poblado: Callao,Mza: 037",037,58.0,57.0,29.0,3.0,0.0,0.0,1.0,0.0,0.0,0.0,32.0,0.0,0.0,0.0,0.0,0.0,0.0,10.0,1.0,17.0,4.0,0.0,3.0,32.0,3.0,34.0,115.0,50.4,32.0,31.2,1.0
070101000102700049,070101000102700049,0001,02700,1,"070101000102700049 , Callao,Callao,Callao,Centro Poblado: Callao,Mza: 049",049,96.0,103.0,34.0,14.0,0.0,0.0,0.0,0.0,0.0,0.0,47.0,0.0,0.0,0.0,1.0,0.0,0.0,15.0,3.0,25.0,4.0,0.0,3.0,47.0,4.0,52.0,199.0,48.2,47.0,31.9,1.33
070101000102500049,070101000102500049,0001,02500,1,"070101000102500049 , Callao,Callao,Callao,Centro Poblado: Callao,Mza: 049",049,103.0,99.0,36.0,15.0,0.0,0.0,0.0,0.0,0.0,0.0,50.0,1.0,0.0,0.0,0.0,0.0,0.0,7.0,5.0,30.0,6.0,2.0,3.0,50.0,4.0,51.0,202.0,51.0,50.0,14.0,1.33
070101000101600059,070101000101600059,0001,01600,1,"070101000101600059 , Callao,Callao,Callao,Centro Poblado: Callao,Mza: 059",059,97.0,106.0,56.0,1.0,0.0,0.0,0.0,2.0,0.0,0.0,59.0,0.0,0.0,0.0,0.0,0.0,0.0,9.0,3.0,39.0,8.0,0.0,3.0,59.0,3.0,60.0,203.0,47.8,59.0,15.3,1.0
070101000101600030,070101000101600030,0001,01600,1,"070101000101600030 , Callao,Callao,Callao,Centro Poblado: Callao,Mza: 030",030,92.0,113.0,35.0,2.0,0.0,0.0,0.0,0.0,0.0,0.0,37.0,0.0,0.0,0.0,0.0,0.0,0.0,11.0,5.0,20.0,1.0,0.0,4.0,37.0,4.0,56.0,205.0,44.9,37.0,29.7,1.0
070101000102700039,070101000102700039,0001,02700,1,"070101000102700039 , Callao,Callao,Callao,Centro Poblado: Callao,Mza: 039",039,102.0,107.0,39.0,2.0,0.0,0.0,0.0,0.0,0.0,0.0,35.0,3.0,2.0,0.0,1.0,0.0,0.0,7.0,3.0,22.0,3.0,0.0,5.0,35.0,5.0,45.0,209.0,48.8,35.0,20.0,1.0
070101000102700056,070101000102700056,0001,02700,1,"070101000102700056 , Callao,Callao,Callao,Centro Poblado: Callao,Mza: 056",056,92.0,93.0,43.0,3.0,0.0,0.0,0.0,0.0,0.0,0.0,41.0,0.0,4.0,1.0,0.0,0.0,0.0,2.0,3.0,31.0,5.0,0.0,4.0,41.0,5.0,41.0,185.0,49.7,41.0,4.9,1.25
070101000102600023,070101000102600023,0001,02600,1,"070101000102600023 , Callao,Callao,Callao,Centro Poblado: Callao,Mza: 023",023,54.0,46.0,30.0,0.0,0.0,0.0,0.0,0.0,0.0,0.0,30.0,0.0,0.0,0.0,0.0,0.0,0.0,7.0,3.0,14.0,6.0,0.0,3.0,30.0,3.0,33.0,100.0,54.0,30.0,23.3,1.0
070101000102700047,070101000102700047,0001,02700,1,"070101000102700047 , Callao,Callao,Callao,Centro Poblado: Callao,Mza: 047",047,96.0,93.0,46.0,0.0,0.0,0.0,0.0,0.0,0.0,0.0,46.0,0.0,0.0,0.0,0.0,0.0,0.0,11.0,3.0,30.0,2.0,0.0,3.0,46.0,4.0,50.0,189.0,50.8,46.0,23.9,1.33
070101000102600046,070101000102600046,0001,02600,1,"070101000102600046 , Callao,Callao,Callao,Centro Poblado: Callao,Mza: 046",046,56.0,71.0,21.0,9.0,0.0,0.0,0.0,0.0,0.0,0.0,29.0,1.0,0.0,0.0,0.0,0.0,0.0,5.0,5.0,18.0,1.0,0.0,4.0,29.0,4.0,31.0,127.0,44.1,29.0,17.2,1.0
070101000102600040,070101000102600040,0001,02600,1,"070101000102600040 , Callao,Callao,Callao,Centro Poblado: Callao,Mza: 040",040,147.0,164.0,57.0,19.0,0.0,0.0,0.0,0.0,0.0,0.0,72.0,3.0,0.0,0.0,1.0,0.0,0.0,14.0,4.0,38.0,16.0,0.0,3.0,72.0,4.0,77.0,311.0,47.3,72.0,19.4,1.33
070101000102600014,070101000102600014,0001,02600,1,"070101000102600014 , Callao,Callao,Callao,Centro Poblado: Callao,Mza: 014",014,136.0,160.0,56.0,6.0,0.0,0.0,0.0,0.0,0.0,0.0,60.0,2.0,0.0,0.0,0.0,0.0,0.0,13.0,2.0,36.0,9.0,0.0,3.0,60.0,4.0,73.0,296.0,45.9,60.0,21.7,1.33
070101000101600041,070101000101600041,0001,01600,1,"070101000101600041 , Callao,Callao,Callao,Centro Poblado: Callao,Mza: 041",041,98.0,89.0,35.0,10.0,4.0,0.0,0.0,0.0,0.0,0.0,49.0,0.0,0.0,0.0,0.0,0.0,0.0,15.0,5.0,27.0,2.0,0.0,3.0,49.0,4.0,49.0,187.0,52.4,49.0,30.6,1.33
070101000102800020,070101000102800020,0001,02800,1,"070101000102800020 , Callao,Callao,Callao,Centro Poblado: Callao,Mza: 020",020,165.0,178.0,68.0,1.0,0.0,0.0,1.0,0.0,0.0,0.0,67.0,1.0,0.0,0.0,1.0,0.0,0.0,14.0,3.0,45.0,5.0,0.0,3.0,67.0,4.0,79.0,343.0,48.1,67.0,20.9,1.33
070101000101600056,070101000101600056,0001,01600,1,"070101000101600056 , Callao,Callao,Callao,Centro Poblado: Callao,Mza: 056",056,118.0,117.0,43.0,10.0,0.0,0.0,0.0,0.0,0.0,0.0,53.0,0.0,0.0,0.0,0.0,0.0,0.0,17.0,3.0,27.0,6.0,0.0,3.0,53.0,4.0,53.0,235.0,50.2,53.0,32.1,1.33
070101000101600055,070101000101600055,0001,01600,1,"070101000101600055 , Callao,Callao,Callao,Centro Poblado: Callao,Mza: 055",055,98.0,112.0,38.0,15.0,0.0,0.0,0.0,0.0,0.0,0.0,53.0,0.0,0.0,0.0,0.0,0.0,0.0,20.0,4.0,24.0,5.0,0.0,2.0,53.0,4.0,57.0,210.0,46.7,53.0,37.7,2.0
070101000102700006,070101000102700006,0001,02700,1,"070101000102700006 , Callao,Callao,Callao,Centro Poblado: Callao,Mza: 006",006,113.0,133.0,49.0,15.0,0.0,0.0,0.0,0.0,0.0,0.0,55.0,1.0,0.0,2.0,6.0,0.0,0.0,8.0,8.0,36.0,3.0,0.0,3.0,55.0,4.0,61.0,246.0,45.9,55.0,14.5,1.33
070101000102700060,070101000102700060,0001,02700,1,"070101000102700060 , Callao,Callao,Callao,Centro Poblado: Callao,Mza: 060",060,125.0,150.0,59.0,8.0,2.0,0.0,1.0,0.0,0.0,0.0,66.0,2.0,1.0,0.0,0.0,0.0,0.0,23.0,3.0,27.0,12.0,1.0,3.0,66.0,3.0,78.0,275.0,45.5,66.0,34.8,1.0
070101000102600017,070101000102600017,0001,02600,1,"070101000102600017 , Callao,Callao,Callao,Centro Poblado: Callao,Mza: 017",017,29.0,25.0,13.0,2.0,0.0,0.0,0.0,0.0,0.0,0.0,13.0,0.0,2.0,0.0,0.0,0.0,0.0,1.0,2.0,8.0,2.0,0.0,3.0,13.0,4.0,13.0,54.0,53.7,13.0,7.7,1.33
070101000102600013,070101000102600013,0001,02600,1,"070101000102600013 , Callao,Callao,Callao,Centro Poblado: Callao,Mza: 013",013,103.0,125.0,43.0,7.0,0.0,0.0,0.0,0.0,0.0,0.0,50.0,0.0,0.0,0.0,0.0,0.0,0.0,5.0,2.0,37.0,6.0,0.0,3.0,50.0,4.0,65.0,228.0,45.2,50.0,10.0,1.33
070101000102700043,070101000102700043,0001,02700,1,"070101000102700043 , Callao,Callao,Callao,Centro Poblado: Callao,Mza: 043",043,84.0,102.0,43.0,0.0,2.0,0.0,0.0,0.0,0.0,0.0,44.0,1.0,0.0,0.0,0.0,0.0,0.0,14.0,7.0,17.0,6.0,0.0,3.0,44.0,4.0,47.0,186.0,45.2,44.0,31.8,1.33
070101000101600046,070101000101600046,0001,01600,1,"070101000101600046 , Callao,Callao,Callao,Centro Poblado: Callao,Mza: 046",046,178.0,178.0,77.0,1.0,0.0,0.0,1.0,3.0,0.0,0.0,81.0,0.0,0.0,0.0,0.0,0.0,0.0,35.0,2.0,41.0,3.0,0.0,3.0,81.0,4.0,95.0,356.0,50.0,81.0,43.2,1.33
070101000102700002,070101000102700002,0001,02700,1,"070101000102700002 , Callao,Callao,Callao,Centro Poblado: Callao,Mza: 002",002,128.0,126.0,50.0,10.0,0.0,0.0,0.0,0.0,0.0,0.0,60.0,0.0,0.0,0.0,0.0,0.0,0.0,5.0,0.0,42.0,13.0,0.0,3.0,60.0,4.0,68.0,254.0,50.4,60.0,8.3,1.33
070101000102500024,070101000102500024,0001,02500,1,"070101000102500024 , Callao,Callao,Callao,Centro Poblado: Callao,Mza: 024",024,52.0,63.0,40.0,0.0,0.0,0.0,0.0,0.0,0.0,0.0,28.0,1.0,11.0,0.0,0.0,0.0,0.0,3.0,0.0,18.0,7.0,0.0,3.0,28.0,4.0,32.0,115.0,45.2,28.0,10.7,1.33
070101000102800022,070101000102800022,0001,02800,1,"070101000102800022 , Callao,Callao,Callao,Centro Poblado: Callao,Mza: 022",022,128.0,144.0,74.0,5.0,0.0,0.0,0.0,0.0,0.0,0.0,74.0,4.0,1.0,0.0,0.0,0.0,0.0,30.0,2.0,41.0,1.0,0.0,3.0,74.0,4.0,76.0,272.0,47.1,74.0,40.5,1.33
070101000102800004,070101000102800004,0001,02800,1,"070101000102800004 , Callao,Callao,Callao,Centro Poblado: Callao,Mza: 004",004,85.0,97.0,28.0,0.0,0.0,0.0,1.0,0.0,0.0,0.0,26.0,0.0,1.0,0.0,1.0,0.0,0.0,5.0,2.0,16.0,3.0,0.0,4.0,26.0,5.0,35.0,182.0,46.7,26.0,19.2,1.25
070101000101600032,070101000101600032,0001,01600,1,"070101000101600032 , Callao,Callao,Callao,Centro Poblado: Callao,Mza: 032",032,77.0,86.0,44.0,2.0,0.0,0.0,0.0,0.0,0.0,0.0,46.0,0.0,0.0,0.0,0.0,0.0,0.0,26.0,1.0,18.0,1.0,0.0,3.0,46.0,4.0,46.0,163.0,47.2,46.0,56.5,1.33
070101000102700024,070101000102700024,0001,02700,1,"070101000102700024 , Callao,Callao,Callao,Centro Poblado: Callao,Mza: 024",024,85.0,80.0,42.0,20.0,0.0,0.0,0.0,0.0,0.0,0.0,43.0,2.0,14.0,0.0,0.0,3.0,0.0,12.0,5.0,23.0,3.0,0.0,3.0,43.0,3.0,52.0,165.0,51.5,43.0,27.9,1.0
070101000102500047,070101000102500047,0001,02500,1,,,,,,,,,,,,,,,,,,,,,,,,,,,,,,,,,
070101000102600021,070101000102600021,0001,02600,1,"070101000102600021 , Callao,Callao,Callao,Centro Poblado: Callao,Mza: 021",021,95.0,78.0,37.0,7.0,0.0,0.0,0.0,0.0,0.0,0.0,42.0,1.0,0.0,0.0,1.0,0.0,0.0,10.0,2.0,24.0,6.0,0.0,3.0,42.0,4.0,42.0,173.0,54.9,42.0,23.8,1.33
070101000102700054A,070101000102700054A,0001,02700,1,"070101000102700054A, Callao,Callao,Callao,Centro Poblado: Callao,Mza: 054A",054A,82.0,71.0,45.0,0.0,0.0,0.0,0.0,0.0,0.0,0.0,42.0,1.0,0.0,0.0,1.0,1.0,0.0,3.0,0.0,26.0,12.0,1.0,3.0,42.0,3.0,44.0,153.0,53.6,42.0,7.1,1.0
070101000102700038,070101000102700038,0001,02700,1,"070101000102700038 , Callao,Callao,Callao,Centro Poblado: Callao,Mza: 038",038,70.0,82.0,14.0,7.0,2.0,0.0,0.0,0.0,0.0,0.0,23.0,0.0,0.0,0.0,0.0,0.0,0.0,5.0,1.0,16.0,1.0,0.0,3.0,23.0,5.0,32.0,152.0,46.1,23.0,21.7,1.67
070101000102700021C,070101000102700021C,0001,02700,1,"070101000102700021C, Callao,Callao,Callao,Centro Poblado: Callao,Mza: 021C",021C,65.0,80.0,19.0,12.0,0.0,0.0,1.0,0.0,0.0,0.0,31.0,0.0,0.0,0.0,0.0,0.0,0.0,13.0,2.0,13.0,3.0,0.0,3.0,31.0,3.0,33.0,145.0,44.8,31.0,41.9,1.0
070101000102600056,070101000102600056,0001,02600,1,"070101000102600056 , Callao,Callao,Callao,Centro Poblado: Callao,Mza: 056",056,206.0,188.0,68.0,27.0,0.0,0.0,0.0,2.0,0.0,0.0,97.0,0.0,0.0,0.0,0.0,0.0,0.0,45.0,8.0,35.0,9.0,0.0,3.0,97.0,4.0,99.0,394.0,52.3,97.0,46.4,1.33
070101000102700005,070101000102700005,0001,02700,1,"070101000102700005 , Callao,Callao,Callao,Centro Poblado: Callao,Mza: 005",005,90.0,89.0,44.0,3.0,0.0,0.0,0.0,0.0,0.0,0.0,44.0,2.0,0.0,0.0,1.0,0.0,0.0,8.0,4.0,29.0,2.0,1.0,4.0,44.0,3.0,52.0,179.0,50.3,44.0,18.2,0.75
070101000102800019,070101000102800019,0001,02800,1,"070101000102800019 , Callao,Callao,Callao,Centro Poblado: Callao,Mza: 019",019,91.0,84.0,35.0,0.0,0.0,0.0,0.0,0.0,1.0,0.0,35.0,1.0,0.0,0.0,0.0,0.0,0.0,6.0,3.0,20.0,6.0,0.0,3.0,35.0,5.0,38.0,175.0,52.0,35.0,17.1,1.67
070101000101600042,070101000101600042,0001,01600,1,"070101000101600042 , Callao,Callao,Callao,Centro Poblado: Callao,Mza: 042",042,93.0,104.0,40.0,10.0,0.0,0.0,0.0,0.0,0.0,0.0,50.0,0.0,0.0,0.0,0.0,0.0,0.0,20.0,1.0,22.0,7.0,0.0,3.0,50.0,4.0,52.0,197.0,47.2,50.0,40.0,1.33
070101000101600015,070101000101600015,0001,01600,1,"070101000101600015 , Callao,Callao,Callao,Centro Poblado: Callao,Mza: 015",015,159.0,147.0,55.0,5.0,0.0,0.0,0.0,0.0,0.0,0.0,60.0,0.0,0.0,0.0,0.0,0.0,0.0,20.0,3.0,30.0,7.0,0.0,3.0,60.0,3.0,89.0,306.0,52.0,60.0,33.3,1.0
070101000102600010,070101000102600010,0001,02600,1,"070101000102600010 , Callao,Callao,Callao,Centro Poblado: Callao,Mza: 010",010,84.0,87.0,31.0,0.0,5.0,0.0,0.0,0.0,0.0,0.0,33.0,3.0,0.0,0.0,0.0,0.0,0.0,14.0,1.0,15.0,3.0,0.0,3.0,33.0,4.0,47.0,171.0,49.1,33.0,42.4,1.33
070101000102600028,070101000102600028,0001,02600,1,"070101000102600028 , Callao,Callao,Callao,Centro Poblado: Callao,Mza: 028",028,65.0,74.0,24.0,0.0,0.0,0.0,0.0,0.0,0.0,0.0,23.0,1.0,0.0,0.0,0.0,0.0,0.0,2.0,1.0,19.0,1.0,0.0,4.0,23.0,4.0,39.0,139.0,46.8,23.0,8.7,1.0
070101000102700027,070101000102700027,0001,02700,1,"070101000102700027 , Callao,Callao,Callao,Centro Poblado: Callao,Mza: 027",027,65.0,66.0,33.0,0.0,0.0,0.0,0.0,0.0,0.0,0.0,32.0,1.0,0.0,0.0,0.0,0.0,0.0,3.0,1.0,27.0,1.0,0.0,3.0,32.0,4.0,32.0,131.0,49.6,32.0,9.4,1.33
070101000102600039,070101000102600039,0001,02600,1,"070101000102600039 , Callao,Callao,Callao,Centro Poblado: Callao,Mza: 039",039,169.0,201.0,59.0,39.0,1.0,0.0,1.0,2.0,0.0,0.0,97.0,2.0,0.0,1.0,0.0,0.0,1.0,53.0,6.0,35.0,3.0,0.0,3.0,97.0,4.0,100.0,370.0,45.7,97.0,54.6,1.33
070101000102800009,070101000102800009,0001,02800,1,"070101000102800009 , Callao,Callao,Callao,Centro Poblado: Callao,Mza: 009",009,72.0,75.0,31.0,0.0,0.0,0.0,0.0,0.0,0.0,0.0,27.0,0.0,1.0,0.0,0.0,1.0,2.0,1.0,2.0,23.0,1.0,0.0,3.0,27.0,4.0,34.0,147.0,49.0,27.0,3.7,1.33
070101000102500036,070101000102500036,0001,02500,1,"070101000102500036 , Callao,Callao,Callao,Centro Poblado: Callao,Mza: 036",036,114.0,117.0,34.0,7.0,0.0,0.0,0.0,0.0,0.0,0.0,40.0,1.0,0.0,0.0,0.0,0.0,0.0,12.0,1.0,24.0,3.0,0.0,4.0,40.0,5.0,47.0,231.0,49.4,40.0,30.0,1.25
070101000102500005,070101000102500005,0001,02500,1,"070101000102500005 , Callao,Callao,Callao,Centro Poblado: Callao,Mza: 005",005,119.0,145.0,55.0,19.0,0.0,0.0,0.0,0.0,0.0,0.0,70.0,2.0,0.0,0.0,0.0,0.0,2.0,25.0,13.0,22.0,10.0,0.0,3.0,70.0,4.0,74.0,264.0,45.1,70.0,35.7,1.33
070101000101600037,070101000101600037,0001,01600,1,"070101000101600037 , Callao,Callao,Callao,Centro Poblado: Callao,Mza: 037",037,68.0,84.0,45.0,0.0,4.0,0.0,0.0,0.0,0.0,0.0,49.0,0.0,0.0,0.0,0.0,0.0,0.0,17.0,1.0,30.0,1.0,0.0,3.0,49.0,3.0,51.0,152.0,44.7,49.0,34.7,1.0
070101000102700014,070101000102700014,0001,02700,1,"070101000102700014 , Callao,Callao,Callao,Centro Poblado: Callao,Mza: 014",014,152.0,165.0,77.0,3.0,0.0,0.0,0.0,0.0,0.0,0.0,76.0,4.0,0.0,0.0,0.0,0.0,0.0,15.0,15.0,42.0,4.0,0.0,3.0,76.0,4.0,82.0,317.0,47.9,76.0,19.7,1.33
070101000102800016,070101000102800016,0001,02800,1,"070101000102800016 , Callao,Callao,Callao,Centro Poblado: Callao,Mza: 016",016,80.0,93.0,43.0,0.0,0.0,0.0,0.0,0.0,0.0,0.0,40.0,1.0,0.0,0.0,2.0,0.0,0.0,9.0,5.0,22.0,4.0,0.0,3.0,40.0,4.0,45.0,173.0,46.2,40.0,22.5,1.33
070101000101600058,070101000101600058,0001,01600,1,"070101000101600058 , Callao,Callao,Callao,Centro Poblado: Callao,Mza: 058",058,67.0,93.0,30.0,0.0,12.0,0.0,0.0,0.0,0.0,0.0,42.0,0.0,0.0,0.0,0.0,0.0,0.0,14.0,2.0,24.0,2.0,0.0,3.0,42.0,4.0,42.0,160.0,41.9,42.0,33.3,1.33
070101000102700011,070101000102700011,0001,02700,1,"070101000102700011 , Callao,Callao,Callao,Centro Poblado: Callao,Mza: 011",011,148.0,159.0,52.0,4.0,0.0,0.0,0.0,0.0,0.0,0.0,50.0,4.0,0.0,1.0,0.0,1.0,0.0,8.0,0.0,41.0,1.0,0.0,4.0,50.0,4.0,73.0,307.0,48.2,50.0,16.0,1.0
070101000102500019,070101000102500019,0001,02500,1,"070101000102500019 , Callao,Callao,Callao,Centro Poblado: Callao,Mza: 019",019,154.0,184.0,65.0,13.0,0.0,0.0,0.0,0.0,0.0,0.0,77.0,0.0,0.0,0.0,0.0,0.0,1.0,15.0,3.0,55.0,4.0,0.0,3.0,77.0,4.0,81.0,338.0,45.6,77.0,19.5,1.33
070101000101600064,070101000101600064,0001,01600,1,"070101000101600064 , Callao,Callao,Callao,Centro Poblado: Callao,Mza: 064",064,104.0,86.0,38.0,2.0,0.0,0.0,0.0,3.0,0.0,0.0,42.0,0.0,0.0,0.0,1.0,0.0,0.0,11.0,6.0,23.0,2.0,0.0,3.0,42.0,4.0,49.0,190.0,54.7,42.0,26.2,1.33
070101000102600045,070101000102600045,0001,02600,1,"070101000102600045 , Callao,Callao,Callao,Centro Poblado: Callao,Mza: 045",045,68.0,77.0,29.0,9.0,0.0,0.0,0.0,0.0,0.0,0.0,36.0,0.0,1.0,0.0,1.0,0.0,0.0,10.0,5.0,20.0,1.0,0.0,3.0,36.0,4.0,37.0,145.0,46.9,36.0,27.8,1.33
070101000102500051,070101000102500051,0001,02500,1,"070101000102500051 , Callao,Callao,Callao,Centro Poblado: Callao,Mza: 051",051,115.0,126.0,49.0,6.0,0.0,0.0,0.0,0.0,0.0,0.0,53.0,1.0,0.0,0.0,1.0,0.0,0.0,9.0,9.0,29.0,6.0,0.0,3.0,53.0,4.0,58.0,241.0,47.7,53.0,17.0,1.33
070101000102800008,070101000102800008,0001,02800,1,"070101000102800008 , Callao,Callao,Callao,Centro Poblado: Callao,Mza: 008",008,73.0,85.0,31.0,5.0,0.0,0.0,0.0,0.0,0.0,0.0,35.0,0.0,0.0,0.0,1.0,0.0,0.0,9.0,6.0,17.0,3.0,0.0,4.0,35.0,4.0,40.0,158.0,46.2,35.0,25.7,1.0
070101000102500016,070101000102500016,0001,02500,1,"070101000102500016 , Callao,Callao,Callao,Centro Poblado: Callao,Mza: 016",016,77.0,82.0,44.0,0.0,0.0,0.0,0.0,0.0,0.0,0.0,40.0,3.0,0.0,1.0,0.0,0.0,0.0,5.0,0.0,30.0,5.0,0.0,3.0,40.0,4.0,42.0,159.0,48.4,40.0,12.5,1.33
070101000102600032A,070101000102600032A,0001,02600,1,"070101000102600032A, Callao,Callao,Callao,Centro Poblado: Callao,Mza: 032A",032A,81.0,85.0,41.0,0.0,0.0,0.0,0.0,0.0,0.0,0.0,40.0,0.0,0.0,0.0,0.0,0.0,1.0,13.0,11.0,16.0,0.0,0.0,3.0,40.0,4.0,45.0,166.0,48.8,40.0,32.5,1.33
070101000102600025,070101000102600025,0001,02600,1,"070101000102600025 , Callao,Callao,Callao,Centro Poblado: Callao,Mza: 025",025,76.0,74.0,14.0,13.0,0.0,0.0,0.0,0.0,0.0,0.0,26.0,1.0,0.0,0.0,0.0,0.0,0.0,9.0,1.0,13.0,3.0,0.0,3.0,26.0,4.0,34.0,150.0,50.7,26.0,34.6,1.33
070101000102500031,070101000102500031,0001,02500,1,"070101000102500031 , Callao,Callao,Callao,Centro Poblado: Callao,Mza: 031",031,61.0,57.0,31.0,0.0,0.0,0.0,0.0,0.0,0.0,0.0,30.0,0.0,0.0,0.0,1.0,0.0,0.0,6.0,0.0,21.0,3.0,0.0,3.0,30.0,4.0,30.0,118.0,51.7,30.0,20.0,1.33
070101000101600038,070101000101600038,0001,01600,1,"070101000101600038 , Callao,Callao,Callao,Centro Poblado: Callao,Mza: 038",038,84.0,71.0,22.0,7.0,2.0,0.0,0.0,0.0,0.0,0.0,31.0,0.0,0.0,0.0,0.0,0.0,0.0,13.0,0.0,12.0,6.0,0.0,3.0,31.0,4.0,41.0,155.0,54.2,31.0,41.9,1.33
070101000101600033,070101000101600033,0001,01600,1,"070101000101600033 , Callao,Callao,Callao,Centro Poblado: Callao,Mza: 033",033,99.0,90.0,27.0,0.0,0.0,0.0,0.0,0.0,0.0,0.0,27.0,0.0,0.0,0.0,0.0,0.0,0.0,3.0,2.0,20.0,2.0,0.0,4.0,27.0,5.0,39.0,189.0,52.4,27.0,11.1,1.25
070101000102500039,070101000102500039,0001,02500,1,"070101000102500039 , Callao,Callao,Callao,Centro Poblado: Callao,Mza: 039",039,67.0,63.0,22.0,0.0,0.0,0.0,0.0,0.0,0.0,0.0,21.0,1.0,0.0,0.0,0.0,0.0,0.0,2.0,1.0,18.0,0.0,0.0,4.0,21.0,4.0,29.0,130.0,51.5,21.0,9.5,1.0
070101000102600001,070101000102600001,0001,02600,1,"070101000102600001 , Callao,Callao,Callao,Centro Poblado: Callao,Mza: 001",001,158.0,158.0,38.0,14.0,0.0,0.0,0.0,0.0,0.0,0.0,52.0,0.0,0.0,0.0,0.0,0.0,0.0,5.0,5.0,32.0,10.0,0.0,4.0,52.0,4.0,77.0,316.0,50.0,52.0,9.6,1.0
070101000102500011,070101000102500011,0001,02500,1,"070101000102500011 , Callao,Callao,Callao,Centro Poblado: Callao,Mza: 011",011,64.0,56.0,24.0,5.0,0.0,0.0,0.0,0.0,0.0,0.0,28.0,1.0,0.0,0.0,0.0,0.0,0.0,5.0,7.0,14.0,2.0,0.0,3.0,28.0,4.0,31.0,120.0,53.3,28.0,17.9,1.33
070101000102700048,070101000102700048,0001,02700,1,"070101000102700048 , Callao,Callao,Callao,Centro Poblado: Callao,Mza: 048",048,77.0,83.0,33.0,0.0,0.0,0.0,0.0,0.0,0.0,0.0,32.0,1.0,0.0,0.0,0.0,0.0,0.0,3.0,6.0,23.0,0.0,0.0,4.0,32.0,4.0,38.0,160.0,48.1,32.0,9.4,1.0
070101000102700059,070101000102700059,0001,02700,1,"070101000102700059 , Callao,Callao,Callao,Centro Poblado: Callao,Mza: 059",059,131.0,121.0,35.0,11.0,0.0,0.0,0.0,2.0,0.0,0.0,47.0,1.0,0.0,0.0,0.0,0.0,0.0,10.0,3.0,21.0,13.0,0.0,3.0,47.0,4.0,60.0,252.0,52.0,47.0,21.3,1.33
070101000102500032,070101000102500032,0001,02500,1,"070101000102500032 , Callao,Callao,Callao,Centro Poblado: Callao,Mza: 032",032,101.0,113.0,51.0,0.0,0.0,0.0,0.0,0.0,0.0,0.0,49.0,0.0,1.0,0.0,1.0,0.0,0.0,8.0,6.0,29.0,6.0,0.0,3.0,49.0,4.0,57.0,214.0,47.2,49.0,16.3,1.33
070101000102700010,070101000102700010,0001,02700,1,"070101000102700010 , Callao,Callao,Callao,Centro Poblado: Callao,Mza: 010",010,76.0,94.0,39.0,0.0,0.0,0.0,0.0,0.0,0.0,0.0,35.0,3.0,0.0,0.0,1.0,0.0,0.0,5.0,0.0,25.0,5.0,0.0,3.0,35.0,4.0,38.0,170.0,44.7,35.0,14.3,1.33
070101000102600058,070101000102600058,0001,02600,1,"070101000102600058 , Callao,Callao,Callao,Centro Poblado: Callao,Mza: 058",058,186.0,192.0,66.0,33.0,0.0,0.0,0.0,0.0,0.0,0.0,97.0,2.0,0.0,0.0,0.0,0.0,0.0,35.0,5.0,54.0,3.0,0.0,3.0,97.0,4.0,99.0,378.0,49.2,97.0,36.1,1.33
070101000102700051,070101000102700051,0001,02700,1,"070101000102700051 , Callao,Callao,Callao,Centro Poblado: Callao,Mza: 051",051,22.0,28.0,11.0,0.0,0.0,0.0,0.0,0.0,1.0,0.0,12.0,0.0,0.0,0.0,0.0,0.0,0.0,0.0,1.0,9.0,2.0,0.0,4.0,12.0,3.0,16.0,50.0,44.0,12.0,0.0,0.75
070101000102800007,070101000102800007,0001,02800,1,"070101000102800007 , Callao,Callao,Callao,Centro Poblado: Callao,Mza: 007",007,80.0,88.0,42.0,0.0,0.0,0.0,0.0,0.0,0.0,0.0,41.0,0.0,1.0,0.0,0.0,0.0,0.0,9.0,2.0,26.0,4.0,0.0,2.0,41.0,4.0,44.0,168.0,47.6,41.0,22.0,2.0
070101000101600057,070101000101600057,0001,01600,1,"070101000101600057 , Callao,Callao,Callao,Centro Poblado: Callao,Mza: 057",057,119.0,124.0,47.0,5.0,0.0,0.0,0.0,0.0,0.0,0.0,52.0,0.0,0.0,0.0,0.0,0.0,0.0,16.0,2.0,31.0,3.0,0.0,3.0,52.0,5.0,53.0,243.0,49.0,52.0,30.8,1.67
070101000101600051,070101000101600051,0001,01600,1,"070101000101600051 , Callao,Callao,Callao,Centro Poblado: Callao,Mza: 051",051,71.0,64.0,30.0,0.0,0.0,0.0,0.0,0.0,0.0,0.0,29.0,1.0,0.0,0.0,0.0,0.0,0.0,0.0,6.0,23.0,0.0,0.0,3.0,29.0,4.0,33.0,135.0,52.6,29.0,0.0,1.33
070101000102800012,070101000102800012,0001,02800,1,"070101000102800012 , Callao,Callao,Callao,Centro Poblado: Callao,Mza: 012",012,122.0,105.0,46.0,14.0,0.0,0.0,0.0,0.0,0.0,0.0,59.0,0.0,1.0,0.0,0.0,0.0,0.0,20.0,2.0,24.0,13.0,0.0,3.0,59.0,4.0,61.0,227.0,53.7,59.0,33.9,1.33
070101000102500015,070101000102500015,0001,02500,1,"070101000102500015 , Callao,Callao,Callao,Centro Poblado: Callao,Mza: 015",015,53.0,56.0,21.0,0.0,0.0,0.0,0.0,0.0,0.0,0.0,20.0,1.0,0.0,0.0,0.0,0.0,0.0,2.0,5.0,10.0,3.0,0.0,4.0,20.0,4.0,26.0,109.0,48.6,20.0,10.0,1.0
070101000102600024,070101000102600024,0001,02600,1,"070101000102600024 , Callao,Callao,Callao,Centro Poblado: Callao,Mza: 024",024,86.0,104.0,40.0,6.0,0.0,0.0,0.0,0.0,0.0,0.0,46.0,0.0,0.0,0.0,0.0,0.0,0.0,8.0,2.0,33.0,3.0,0.0,3.0,46.0,4.0,47.0,190.0,45.3,46.0,17.4,1.33
070101000102800006,070101000102800006,0001,02800,1,"070101000102800006 , Callao,Callao,Callao,Centro Poblado: Callao,Mza: 006",006,108.0,106.0,35.0,6.0,2.0,1.0,0.0,4.0,0.0,0.0,48.0,0.0,0.0,0.0,0.0,0.0,0.0,10.0,2.0,30.0,6.0,0.0,3.0,48.0,4.0,58.0,214.0,50.5,48.0,20.8,1.33
070101000102600029,070101000102600029,0001,02600,1,"070101000102600029 , Callao,Callao,Callao,Centro Poblado: Callao,Mza: 029",029,63.0,58.0,18.0,4.0,0.0,0.0,0.0,0.0,0.0,0.0,20.0,1.0,1.0,0.0,0.0,0.0,0.0,3.0,0.0,15.0,2.0,0.0,4.0,20.0,3.0,38.0,121.0,52.1,20.0,15.0,0.75
070101000101600014,070101000101600014,0001,01600,1,"070101000101600014 , Callao,Callao,Callao,Centro Poblado: Callao,Mza: 014",014,82.0,81.0,37.0,0.0,0.0,0.0,0.0,0.0,0.0,0.0,37.0,0.0,0.0,0.0,0.0,0.0,0.0,7.0,1.0,29.0,0.0,0.0,3.0,37.0,4.0,45.0,163.0,50.3,37.0,18.9,1.33
070101000102600019,070101000102600019,0001,02600,1,"070101000102600019 , Callao,Callao,Callao,Centro Poblado: Callao,Mza: 019",019,142.0,142.0,54.0,2.0,0.0,0.0,0.0,0.0,0.0,0.0,55.0,0.0,1.0,0.0,0.0,0.0,0.0,16.0,3.0,34.0,2.0,0.0,4.0,55.0,5.0,57.0,284.0,50.0,55.0,29.1,1.25
070101000102500006,070101000102500006,0001,02500,1,"070101000102500006 , Callao,Callao,Callao,Centro Poblado: Callao,Mza: 006",006,25.0,28.0,10.0,0.0,0.0,0.0,0.0,0.0,0.0,0.0,10.0,0.0,0.0,0.0,0.0,0.0,0.0,2.0,0.0,8.0,0.0,0.0,4.0,10.0,4.0,15.0,53.0,47.2,10.0,20.0,1.0
070101000102500048,070101000102500048,0001,02500,1,"070101000102500048 , Callao,Callao,Callao,Centro Poblado: Callao,Mza: 048",048,41.0,49.0,16.0,0.0,0.0,0.0,0.0,0.0,0.0,0.0,16.0,0.0,0.0,0.0,0.0,0.0,0.0,2.0,2.0,8.0,3.0,1.0,3.0,16.0,4.0,20.0,90.0,45.6,16.0,12.5,1.33
070101000102600052,070101000102600052,0001,02600,1,"070101000102600052 , Callao,Callao,Callao,Centro Poblado: Callao,Mza: 052",052,92.0,80.0,28.0,9.0,0.0,0.0,0.0,2.0,0.0,0.0,39.0,0.0,0.0,0.0,0.0,0.0,0.0,13.0,1.0,23.0,2.0,0.0,3.0,39.0,4.0,40.0,172.0,53.5,39.0,33.3,1.33
070101000101600061,070101000101600061,0001,01600,1,"070101000101600061 , Callao,Callao,Callao,Centro Poblado: Callao,Mza: 061",061,50.0,51.0,28.0,0.0,0.0,0.0,0.0,0.0,0.0,0.0,25.0,3.0,0.0,0.0,0.0,0.0,0.0,5.0,3.0,15.0,2.0,0.0,3.0,25.0,4.0,25.0,101.0,49.5,25.0,20.0,1.33
070101000102500007,070101000102500007,0001,02500,1,"070101000102500007 , Callao,Callao,Callao,Centro Poblado: Callao,Mza: 007",007,34.0,39.0,13.0,0.0,0.0,0.0,0.0,0.0,0.0,0.0,13.0,0.0,0.0,0.0,0.0,0.0,0.0,1.0,1.0,11.0,0.0,0.0,3.0,13.0,4.0,17.0,73.0,46.6,13.0,7.7,1.33
070101000102600016,070101000102600016,0001,02600,1,,,,,,,,,,,,,,,,,,,,,,,,,,,,,,,,,
070101000102600002,070101000102600002,0001,02600,1,"070101000102600002 , Callao,Callao,Callao,Centro Poblado: Callao,Mza: 002",002,61.0,74.0,19.0,16.0,0.0,0.0,0.0,0.0,0.0,0.0,35.0,0.0,0.0,0.0,0.0,0.0,0.0,3.0,0.0,26.0,6.0,0.0,3.0,35.0,3.0,42.0,135.0,45.2,35.0,8.6,1.0
070101000101600013,070101000101600013,0001,01600,1,"070101000101600013 , Callao,Callao,Callao,Centro Poblado: Callao,Mza: 013",013,89.0,83.0,37.0,9.0,0.0,0.0,1.0,0.0,0.0,0.0,44.0,2.0,0.0,0.0,0.0,0.0,0.0,13.0,3.0,26.0,2.0,0.0,3.0,44.0,3.0,54.0,172.0,51.7,44.0,29.5,1.0
070101000102500033,070101000102500033,0001,02500,1,"070101000102500033 , Callao,Callao,Callao,Centro Poblado: Callao,Mza: 033",033,112.0,129.0,64.0,10.0,0.0,0.0,0.0,0.0,0.0,0.0,71.0,2.0,0.0,0.0,1.0,0.0,0.0,26.0,5.0,29.0,11.0,0.0,2.0,71.0,3.0,72.0,241.0,46.5,71.0,36.6,1.5
070101000102700016,070101000102700016,0001,02700,1,"070101000102700016 , Callao,Callao,Callao,Centro Poblado: Callao,Mza: 016",016,122.0,127.0,53.0,4.0,0.0,0.0,0.0,0.0,0.0,0.0,57.0,0.0,0.0,0.0,0.0,0.0,0.0,12.0,5.0,38.0,2.0,0.0,3.0,57.0,4.0,67.0,249.0,49.0,57.0,21.1,1.33
070101000102600061,070101000102600061,0001,02600,1,"070101000102600061 , Callao,Callao,Callao,Centro Poblado: Callao,Mza: 061",061,22.0,24.0,16.0,2.0,0.0,0.0,0.0,0.0,0.0,0.0,15.0,0.0,2.0,0.0,1.0,0.0,0.0,7.0,0.0,7.0,1.0,0.0,3.0,15.0,3.0,15.0,46.0,47.8,15.0,46.7,1.0
070101000102600053,070101000102600053,0001,02600,1,"070101000102600053 , Callao,Callao,Callao,Centro Poblado: Callao,Mza: 053",053,130.0,122.0,63.0,6.0,3.0,0.0,0.0,0.0,0.0,0.0,72.0,0.0,0.0,0.0,0.0,0.0,0.0,24.0,4.0,41.0,3.0,0.0,3.0,72.0,3.0,73.0,252.0,51.6,72.0,33.3,1.0
070101000102500042,070101000102500042,0001,02500,1,"070101000102500042 , Callao,Callao,Callao,Centro Poblado: Callao,Mza: 042",042,40.0,41.0,12.0,0.0,0.0,0.0,1.0,2.0,0.0,0.0,14.0,0.0,0.0,0.0,0.0,0.0,0.0,2.0,1.0,11.0,0.0,0.0,3.0,14.0,5.0,15.0,81.0,49.4,14.0,14.3,1.67
070101000102600007,070101000102600007,0001,02600,1,"070101000102600007 , Callao,Callao,Callao,Centro Poblado: Callao,Mza: 007",007,92.0,102.0,43.0,12.0,0.0,0.0,0.0,0.0,0.0,0.0,52.0,1.0,2.0,0.0,0.0,0.0,0.0,20.0,4.0,21.0,7.0,0.0,2.0,52.0,4.0,55.0,194.0,47.4,52.0,38.5,2.0
070101000102500056,070101000102500056,0001,02500,1,"070101000102500056 , Callao,Callao,Callao,Centro Poblado: Callao,Mza: 056",056,72.0,73.0,62.0,0.0,0.0,0.0,0.0,0.0,0.0,0.0,45.0,2.0,10.0,0.0,0.0,0.0,5.0,13.0,6.0,15.0,11.0,0.0,2.0,45.0,3.0,45.0,145.0,49.7,45.0,28.9,1.5
070101000102800013,070101000102800013,0001,02800,1,"070101000102800013 , Callao,Callao,Callao,Centro Poblado: Callao,Mza: 013",013,76.0,72.0,31.0,2.0,0.0,0.0,0.0,0.0,0.0,0.0,32.0,0.0,1.0,0.0,0.0,0.0,0.0,16.0,0.0,15.0,1.0,0.0,3.0,32.0,5.0,32.0,148.0,51.4,32.0,50.0,1.67
070101000102500020,070101000102500020,0001,02500,1,"070101000102500020 , Callao,Callao,Callao,Centro Poblado: Callao,Mza: 020",020,83.0,102.0,52.0,2.0,0.0,0.0,0.0,0.0,0.0,0.0,50.0,3.0,0.0,0.0,1.0,0.0,0.0,6.0,4.0,30.0,10.0,0.0,3.0,50.0,4.0,51.0,185.0,44.9,50.0,12.0,1.33
070101000101600052,070101000101600052,0001,01600,1,"070101000101600052 , Callao,Callao,Callao,Centro Poblado: Callao,Mza: 052",052,93.0,99.0,48.0,2.0,0.0,0.0,0.0,0.0,0.0,0.0,50.0,0.0,0.0,0.0,0.0,0.0,0.0,22.0,8.0,20.0,0.0,0.0,2.0,50.0,3.0,55.0,192.0,48.4,50.0,44.0,1.5
070101000102800011,070101000102800011,0001,02800,1,"070101000102800011 , Callao,Callao,Callao,Centro Poblado: Callao,Mza: 011",011,67.0,79.0,38.0,0.0,0.0,0.0,0.0,0.0,0.0,0.0,37.0,0.0,0.0,0.0,1.0,0.0,0.0,4.0,0.0,29.0,4.0,0.0,4.0,37.0,4.0,39.0,146.0,45.9,37.0,10.8,1.0
070101000102500002,070101000102500002,0001,02500,1,"070101000102500002 , Callao,Callao,Callao,Centro Poblado: Callao,Mza: 002",002,97.0,117.0,32.0,15.0,0.0,0.0,3.0,0.0,0.0,0.0,42.0,3.0,1.0,0.0,0.0,0.0,1.0,21.0,7.0,14.0,0.0,0.0,3.0,42.0,4.0,46.0,214.0,45.3,42.0,50.0,1.33
070101000101600034,070101000101600034,0001,01600,1,"070101000101600034 , Callao,Callao,Callao,Centro Poblado: Callao,Mza: 034",034,72.0,82.0,26.0,1.0,0.0,0.0,0.0,0.0,0.0,0.0,27.0,0.0,0.0,0.0,0.0,0.0,0.0,14.0,2.0,11.0,0.0,0.0,4.0,27.0,3.0,51.0,154.0,46.8,27.0,51.9,0.75
070101000101600025,070101000101600025,0001,01600,1,"070101000101600025 , Callao,Callao,Callao,Centro Poblado: Callao,Mza: 025",025,47.0,46.0,24.0,1.0,0.0,0.0,2.0,0.0,0.0,0.0,25.0,0.0,0.0,0.0,0.0,0.0,0.0,8.0,3.0,13.0,1.0,0.0,2.0,25.0,3.0,27.0,93.0,50.5,25.0,32.0,1.5
070101000102700019,070101000102700019,0001,02700,1,"070101000102700019 , Callao,Callao,Callao,Centro Poblado: Callao,Mza: 019",019,105.0,111.0,61.0,2.0,0.0,0.0,0.0,0.0,0.0,0.0,53.0,0.0,1.0,7.0,0.0,2.0,0.0,7.0,2.0,39.0,5.0,0.0,3.0,53.0,4.0,53.0,216.0,48.6,53.0,13.2,1.33
070101000102700021A,070101000102700021A,0001,02700,1,"070101000102700021A, Callao,Callao,Callao,Centro Poblado: Callao,Mza: 021A",021A,73.0,84.0,42.0,6.0,0.0,0.0,0.0,0.0,1.0,0.0,41.0,0.0,5.0,0.0,0.0,2.0,1.0,11.0,2.0,25.0,3.0,0.0,3.0,41.0,4.0,41.0,157.0,46.5,41.0,26.8,1.33
070101000102600026,070101000102600026,0001,02600,1,"070101000102600026 , Callao,Callao,Callao,Centro Poblado: Callao,Mza: 026",026,162.0,175.0,51.0,16.0,0.0,0.0,0.0,0.0,0.0,0.0,64.0,0.0,1.0,0.0,2.0,0.0,0.0,19.0,2.0,37.0,6.0,0.0,3.0,64.0,4.0,76.0,337.0,48.1,64.0,29.7,1.33
070101000101600021,070101000101600021,0001,01600,1,"070101000101600021 , Callao,Callao,Callao,Centro Poblado: Callao,Mza: 021",021,1770.0,1785.0,80.0,0.0,0.0,0.0,1.0,0.0,0.0,0.0,80.0,0.0,0.0,0.0,0.0,0.0,0.0,37.0,4.0,33.0,6.0,0.0,2.0,80.0,4.0,83.0,3555.0,49.8,80.0,46.2,2.0
070101000102700053,070101000102700053,0001,02700,1,"070101000102700053 , Callao,Callao,Callao,Centro Poblado: Callao,Mza: 053",053,121.0,119.0,56.0,2.0,0.0,0.0,0.0,0.0,0.0,0.0,58.0,0.0,0.0,0.0,0.0,0.0,0.0,11.0,5.0,32.0,10.0,0.0,3.0,58.0,4.0,59.0,240.0,50.4,58.0,19.0,1.33
070101000102600044,070101000102600044,0001,02600,1,"070101000102600044 , Callao,Callao,Callao,Centro Poblado: Callao,Mza: 044",044,53.0,70.0,28.0,4.0,0.0,0.0,0.0,0.0,0.0,0.0,32.0,0.0,0.0,0.0,0.0,0.0,0.0,10.0,3.0,18.0,1.0,0.0,3.0,32.0,4.0,33.0,123.0,43.1,32.0,31.2,1.33
070101000102800015,070101000102800015,0001,02800,1,"070101000102800015 , Callao,Callao,Callao,Centro Poblado: Callao,Mza: 015",015,117.0,139.0,63.0,2.0,0.0,0.0,0.0,0.0,0.0,0.0,57.0,4.0,2.0,0.0,1.0,1.0,0.0,13.0,11.0,24.0,9.0,0.0,3.0,57.0,4.0,72.0,256.0,45.7,57.0,22.8,1.33
070101000102700013,070101000102700013,0001,02700,1,"070101000102700013 , Callao,Callao,Callao,Centro Poblado: Callao,Mza: 013",013,186.0,201.0,79.0,20.0,0.0,0.0,0.0,0.0,0.0,0.0,92.0,5.0,0.0,1.0,1.0,0.0,0.0,31.0,5.0,52.0,3.0,1.0,3.0,92.0,4.0,102.0,387.0,48.1,92.0,33.7,1.33
070101000102700007,070101000102700007,0001,02700,1,"070101000102700007 , Callao,Callao,Callao,Centro Poblado: Callao,Mza: 007",007,113.0,136.0,57.0,1.0,0.0,0.0,0.0,0.0,0.0,0.0,57.0,1.0,0.0,0.0,0.0,0.0,0.0,6.0,5.0,40.0,6.0,0.0,3.0,57.0,4.0,63.0,249.0,45.4,57.0,10.5,1.33
070101000101600029,070101000101600029,0001,01600,1,"070101000101600029 , Callao,Callao,Callao,Centro Poblado: Callao,Mza: 029",029,105.0,95.0,51.0,0.0,0.0,0.0,0.0,0.0,0.0,0.0,50.0,0.0,1.0,0.0,0.0,0.0,0.0,17.0,2.0,28.0,3.0,0.0,3.0,50.0,3.0,59.0,200.0,52.5,50.0,34.0,1.0
070101000102500045,070101000102500045,0001,02500,1,"070101000102500045 , Callao,Callao,Callao,Centro Poblado: Callao,Mza: 045",045,183.0,204.0,98.0,14.0,0.0,0.0,0.0,0.0,0.0,0.0,99.0,8.0,4.0,1.0,0.0,0.0,0.0,30.0,5.0,52.0,12.0,0.0,2.0,99.0,4.0,107.0,387.0,47.3,99.0,30.3,2.0
070101000102500055,070101000102500055,0001,02500,1,"070101000102500055 , Callao,Callao,Callao,Centro Poblado: Callao,Mza: 055",055,48.0,44.0,29.0,0.0,0.0,0.0,0.0,0.0,0.0,0.0,21.0,1.0,6.0,0.0,0.0,0.0,1.0,3.0,4.0,9.0,5.0,0.0,3.0,21.0,4.0,23.0,92.0,52.2,21.0,14.3,1.33
070101000102600060,070101000102600060,0001,02600,1,"070101000102600060 , Callao,Callao,Callao,Centro Poblado: Callao,Mza: 060",060,109.0,104.0,52.0,2.0,0.0,0.0,0.0,0.0,0.0,0.0,53.0,0.0,0.0,1.0,0.0,0.0,0.0,8.0,6.0,37.0,2.0,0.0,3.0,53.0,4.0,56.0,213.0,51.2,53.0,15.1,1.33
070101000102700015,070101000102700015,0001,02700,1,"070101000102700015 , Callao,Callao,Callao,Centro Poblado: Callao,Mza: 015",015,110.0,118.0,40.0,10.0,0.0,0.0,0.0,0.0,0.0,0.0,47.0,2.0,0.0,0.0,0.0,1.0,0.0,14.0,4.0,29.0,0.0,0.0,4.0,47.0,3.0,66.0,228.0,48.2,47.0,29.8,0.75
070101000102700041,070101000102700041,0001,02700,1,"070101000102700041 , Callao,Callao,Callao,Centro Poblado: Callao,Mza: 041",041,23.0,28.0,13.0,17.0,0.0,0.0,0.0,0.0,0.0,0.0,23.0,1.0,5.0,0.0,1.0,0.0,0.0,4.0,3.0,15.0,1.0,0.0,3.0,23.0,2.0,23.0,51.0,45.1,23.0,17.4,0.67
070101000101600027,070101000101600027,0001,01600,1,"070101000101600027 , Callao,Callao,Callao,Centro Poblado: Callao,Mza: 027",027,94.0,81.0,30.0,5.0,0.0,0.0,1.0,0.0,0.0,0.0,32.0,2.0,0.0,0.0,1.0,0.0,0.0,10.0,0.0,21.0,1.0,0.0,4.0,32.0,4.0,45.0,175.0,53.7,32.0,31.2,1.0
070101000102700034,070101000102700034,0001,02700,1,"070101000102700034 , Callao,Callao,Callao,Centro Poblado: Callao,Mza: 034",034,92.0,115.0,60.0,2.0,0.0,0.0,0.0,0.0,0.0,0.0,57.0,2.0,1.0,0.0,2.0,0.0,0.0,20.0,6.0,27.0,4.0,0.0,3.0,57.0,4.0,59.0,207.0,44.4,57.0,35.1,1.33
070101000102600054,070101000102600054,0001,02600,1,"070101000102600054 , Callao,Callao,Callao,Centro Poblado: Callao,Mza: 054",054,90.0,105.0,39.0,10.0,0.0,0.0,0.0,0.0,0.0,0.0,47.0,1.0,1.0,0.0,0.0,0.0,0.0,16.0,0.0,20.0,11.0,0.0,3.0,47.0,4.0,48.0,195.0,46.2,47.0,34.0,1.33
070101000102700032,070101000102700032,0001,02700,1,"070101000102700032 , Callao,Callao,Callao,Centro Poblado: Callao,Mza: 032",032,63.0,70.0,29.0,3.0,0.0,0.0,0.0,0.0,0.0,0.0,29.0,1.0,0.0,1.0,1.0,0.0,0.0,3.0,3.0,22.0,1.0,0.0,4.0,29.0,4.0,37.0,133.0,47.4,29.0,10.3,1.0
070101000102700052,070101000102700052,0001,02700,1,"070101000102700052 , Callao,Callao,Callao,Centro Poblado: Callao,Mza: 052",052,113.0,124.0,44.0,5.0,0.0,0.0,0.0,0.0,0.0,0.0,49.0,0.0,0.0,0.0,0.0,0.0,0.0,3.0,2.0,37.0,7.0,0.0,4.0,49.0,4.0,58.0,237.0,47.7,49.0,6.1,1.0
070101000102700033,070101000102700033,0001,02700,1,"070101000102700033 , Callao,Callao,Callao,Centro Poblado: Callao,Mza: 033",033,67.0,88.0,36.0,0.0,0.0,0.0,0.0,0.0,0.0,0.0,36.0,0.0,0.0,0.0,0.0,0.0,0.0,13.0,4.0,19.0,0.0,0.0,3.0,36.0,4.0,37.0,155.0,43.2,36.0,36.1,1.33
070101000102700031,070101000102700031,0001,02700,1,"070101000102700031 , Callao,Callao,Callao,Centro Poblado: Callao,Mza: 031",031,130.0,106.0,50.0,0.0,0.0,0.0,0.0,0.0,0.0,0.0,47.0,2.0,0.0,0.0,1.0,0.0,0.0,12.0,1.0,31.0,3.0,0.0,3.0,47.0,4.0,57.0,236.0,55.1,47.0,25.5,1.33
070101000102500018,070101000102500018,0001,02500,1,"070101000102500018 , Callao,Callao,Callao,Centro Poblado: Callao,Mza: 018",018,69.0,92.0,34.0,0.0,0.0,0.0,0.0,0.0,0.0,0.0,34.0,0.0,0.0,0.0,0.0,0.0,0.0,1.0,0.0,24.0,9.0,0.0,3.0,34.0,4.0,42.0,161.0,42.9,34.0,2.9,1.33
070101000102600042,070101000102600042,0001,02600,1,"070101000102600042 , Callao,Callao,Callao,Centro Poblado: Callao,Mza: 042",042,172.0,189.0,80.0,9.0,0.0,0.0,0.0,2.0,0.0,0.0,89.0,0.0,1.0,0.0,1.0,0.0,0.0,23.0,5.0,52.0,9.0,0.0,3.0,89.0,4.0,95.0,361.0,47.6,89.0,25.8,1.33
070101000102600018,070101000102600018,0001,02600,1,"070101000102600018 , Callao,Callao,Callao,Centro Poblado: Callao,Mza: 018",018,117.0,131.0,50.0,0.0,0.0,0.0,0.0,0.0,0.0,0.0,50.0,0.0,0.0,0.0,0.0,0.0,0.0,10.0,2.0,30.0,8.0,0.0,3.0,50.0,4.0,64.0,248.0,47.2,50.0,20.0,1.33
070101000102600055,070101000102600055,0001,02600,1,"070101000102600055 , Callao,Callao,Callao,Centro Poblado: Callao,Mza: 055",055,50.0,56.0,15.0,13.0,0.0,0.0,0.0,0.0,0.0,0.0,25.0,1.0,2.0,0.0,0.0,0.0,0.0,13.0,0.0,12.0,0.0,0.0,3.0,25.0,4.0,27.0,106.0,47.2,25.0,52.0,1.33
070101000101600022,070101000101600022,0001,01600,1,"070101000101600022 , Callao,Callao,Callao,Centro Poblado: Callao,Mza: 022",022,110.0,110.0,46.0,5.0,0.0,0.0,1.0,0.0,0.0,0.0,51.0,0.0,0.0,0.0,0.0,0.0,0.0,18.0,0.0,25.0,8.0,0.0,3.0,51.0,4.0,57.0,220.0,50.0,51.0,35.3,1.33
070101000102700026,070101000102700026,0001,02700,1,"070101000102700026 , Callao,Callao,Callao,Centro Poblado: Callao,Mza: 026",026,24.0,27.0,12.0,2.0,0.0,0.0,0.0,0.0,0.0,0.0,13.0,1.0,0.0,0.0,0.0,0.0,0.0,2.0,0.0,11.0,0.0,0.0,4.0,13.0,4.0,14.0,51.0,47.1,13.0,15.4,1.0
070101000102800010,070101000102800010,0001,02800,1,"070101000102800010 , Callao,Callao,Callao,Centro Poblado: Callao,Mza: 010",010,92.0,92.0,28.0,9.0,0.0,0.0,0.0,0.0,0.0,0.0,36.0,1.0,0.0,0.0,0.0,0.0,0.0,10.0,2.0,17.0,7.0,0.0,4.0,36.0,5.0,36.0,184.0,50.0,36.0,27.8,1.25
070101000102700020,070101000102700020,0001,02700,1,"070101000102700020 , Callao,Callao,Callao,Centro Poblado: Callao,Mza: 020",020,95.0,90.0,39.0,12.0,0.0,0.0,0.0,0.0,0.0,0.0,46.0,4.0,1.0,0.0,0.0,0.0,0.0,9.0,0.0,29.0,8.0,0.0,3.0,46.0,4.0,46.0,185.0,51.4,46.0,19.6,1.33
070101000102500017,070101000102500017,0001,02500,1,"070101000102500017 , Callao,Callao,Callao,Centro Poblado: Callao,Mza: 017",017,92.0,78.0,36.0,5.0,0.0,0.0,0.0,0.0,0.0,0.0,41.0,0.0,0.0,0.0,0.0,0.0,0.0,9.0,9.0,19.0,4.0,0.0,3.0,41.0,4.0,41.0,170.0,54.1,41.0,22.0,1.33
070101000101600053,070101000101600053,0001,01600,1,"070101000101600053 , Callao,Callao,Callao,Centro Poblado: Callao,Mza: 053",053,58.0,75.0,36.0,0.0,0.0,0.0,0.0,0.0,0.0,0.0,36.0,0.0,0.0,0.0,0.0,0.0,0.0,22.0,0.0,13.0,1.0,0.0,2.0,36.0,3.0,48.0,133.0,43.6,36.0,61.1,1.5
070101000102700046,070101000102700046,0001,02700,1,"070101000102700046 , Callao,Callao,Callao,Centro Poblado: Callao,Mza: 046",046,67.0,66.0,24.0,0.0,0.0,0.0,0.0,0.0,0.0,0.0,23.0,1.0,0.0,0.0,0.0,0.0,0.0,1.0,1.0,19.0,2.0,0.0,4.0,23.0,4.0,31.0,133.0,50.4,23.0,4.3,1.0
070101000102700003,070101000102700003,0001,02700,1,"070101000102700003 , Callao,Callao,Callao,Centro Poblado: Callao,Mza: 003",003,56.0,54.0,26.0,4.0,0.0,0.0,0.0,0.0,0.0,0.0,27.0,1.0,2.0,0.0,0.0,0.0,0.0,5.0,3.0,15.0,4.0,0.0,3.0,27.0,4.0,29.0,110.0,50.9,27.0,18.5,1.33
070101000101600026,070101000101600026,0001,01600,1,"070101000101600026 , Callao,Callao,Callao,Centro Poblado: Callao,Mza: 026",026,118.0,107.0,43.0,8.0,0.0,0.0,0.0,0.0,0.0,0.0,51.0,0.0,0.0,0.0,0.0,0.0,0.0,21.0,1.0,22.0,7.0,0.0,3.0,51.0,4.0,55.0,225.0,52.4,51.0,41.2,1.33
070101000102500021,070101000102500021,0001,02500,1,"070101000102500021 , Callao,Callao,Callao,Centro Poblado: Callao,Mza: 021",021,111.0,130.0,42.0,8.0,0.0,1.0,0.0,0.0,0.0,0.0,49.0,1.0,1.0,0.0,0.0,0.0,0.0,12.0,5.0,27.0,5.0,0.0,3.0,49.0,4.0,57.0,241.0,46.1,49.0,24.5,1.33
070101000101600028,070101000101600028,0001,01600,1,"070101000101600028 , Callao,Callao,Callao,Centro Poblado: Callao,Mza: 028",028,86.0,105.0,54.0,2.0,0.0,0.0,0.0,0.0,0.0,0.0,54.0,2.0,0.0,0.0,0.0,0.0,0.0,22.0,1.0,31.0,0.0,0.0,3.0,54.0,3.0,57.0,191.0,45.0,54.0,40.7,1.0
070101000102500004,070101000102500004,0001,02500,1,"070101000102500004 , Callao,Callao,Callao,Centro Poblado: Callao,Mza: 004",004,31.0,30.0,17.0,0.0,0.0,0.0,0.0,0.0,0.0,0.0,17.0,0.0,0.0,0.0,0.0,0.0,0.0,11.0,1.0,5.0,0.0,0.0,3.0,17.0,4.0,17.0,61.0,50.8,17.0,64.7,1.33
070101000102600047,070101000102600047,0001,02600,1,"070101000102600047 , Callao,Callao,Callao,Centro Poblado: Callao,Mza: 047",047,75.0,79.0,27.0,9.0,0.0,0.0,0.0,4.0,0.0,0.0,40.0,0.0,0.0,0.0,0.0,0.0,0.0,12.0,1.0,18.0,9.0,0.0,2.0,40.0,4.0,43.0,154.0,48.7,40.0,30.0,2.0
070101000102700017,070101000102700017,0001,02700,1,"070101000102700017 , Callao,Callao,Callao,Centro Poblado: Callao,Mza: 017",017,60.0,48.0,19.0,7.0,0.0,0.0,0.0,0.0,0.0,0.0,23.0,0.0,0.0,3.0,0.0,0.0,0.0,8.0,0.0,14.0,1.0,0.0,3.0,23.0,4.0,26.0,108.0,55.6,23.0,34.8,1.33
070101000102600033,070101000102600033,0001,02600,1,"070101000102600033 , Callao,Callao,Callao,Centro Poblado: Callao,Mza: 033",033,123.0,142.0,53.0,9.0,0.0,0.0,0.0,3.0,0.0,0.0,63.0,2.0,0.0,0.0,0.0,0.0,0.0,29.0,2.0,28.0,4.0,0.0,3.0,63.0,4.0,69.0,265.0,46.4,63.0,46.0,1.33
070101000102700040,070101000102700040,0001,02700,1,"070101000102700040 , Callao,Callao,Callao,Centro Poblado: Callao,Mza: 040",040,79.0,73.0,25.0,16.0,0.0,0.0,0.0,0.0,0.0,0.0,40.0,0.0,0.0,0.0,1.0,0.0,0.0,9.0,6.0,20.0,5.0,0.0,3.0,40.0,4.0,43.0,152.0,52.0,40.0,22.5,1.33
070101000102700009,070101000102700009,0001,02700,1,"070101000102700009 , Callao,Callao,Callao,Centro Poblado: Callao,Mza: 009",009,69.0,75.0,41.0,0.0,0.0,0.0,0.0,0.0,0.0,0.0,33.0,1.0,5.0,0.0,2.0,0.0,0.0,0.0,5.0,25.0,3.0,0.0,4.0,33.0,4.0,40.0,144.0,47.9,33.0,0.0,1.0
070101000102500025,070101000102500025,0001,02500,1,"070101000102500025 , Callao,Callao,Callao,Centro Poblado: Callao,Mza: 025",025,12.0,18.0,7.0,0.0,1.0,0.0,0.0,0.0,0.0,0.0,8.0,0.0,0.0,0.0,0.0,0.0,0.0,3.0,1.0,4.0,0.0,0.0,4.0,8.0,4.0,8.0,30.0,40.0,8.0,37.5,1.0
070101000102500040,070101000102500040,0001,02500,1,"070101000102500040 , Callao,Callao,Callao,Centro Poblado: Callao,Mza: 040",040,94.0,103.0,40.0,0.0,0.0,0.0,0.0,0.0,0.0,0.0,37.0,1.0,0.0,0.0,0.0,0.0,2.0,9.0,6.0,14.0,8.0,0.0,3.0,37.0,4.0,48.0,197.0,47.7,37.0,24.3,1.33
070101000102500013,070101000102500013,0001,02500,1,"070101000102500013 , Callao,Callao,Callao,Centro Poblado: Callao,Mza: 013",013,89.0,71.0,41.0,3.0,0.0,0.0,1.0,0.0,0.0,0.0,43.0,0.0,1.0,0.0,0.0,0.0,0.0,4.0,6.0,31.0,2.0,0.0,4.0,43.0,4.0,44.0,160.0,55.6,43.0,9.3,1.0
070101000102500046,070101000102500046,0001,02500,1,"070101000102500046 , Callao,Callao,Callao,Centro Poblado: Callao,Mza: 046",046,63.0,62.0,29.0,2.0,0.0,0.0,0.0,0.0,0.0,0.0,31.0,0.0,0.0,0.0,0.0,0.0,0.0,2.0,10.0,12.0,7.0,0.0,3.0,31.0,4.0,32.0,125.0,50.4,31.0,6.5,1.33
070101000102500052,070101000102500052,0001,02500,1,"070101000102500052 , Callao,Callao,Callao,Centro Poblado: Callao,Mza: 052",052,122.0,130.0,70.0,0.0,0.0,0.0,0.0,0.0,0.0,0.0,69.0,1.0,0.0,0.0,0.0,0.0,0.0,33.0,1.0,28.0,7.0,0.0,3.0,69.0,3.0,74.0,252.0,48.4,69.0,47.8,1.0
070101000102600009,070101000102600009,0001,02600,1,"070101000102600009 , Callao,Callao,Callao,Centro Poblado: Callao,Mza: 009",009,70.0,59.0,33.0,0.0,8.0,0.0,0.0,0.0,0.0,0.0,36.0,4.0,1.0,0.0,0.0,0.0,0.0,9.0,0.0,23.0,4.0,0.0,3.0,36.0,3.0,39.0,129.0,54.3,36.0,25.0,1.0
070101000101600040,070101000101600040,0001,01600,1,"070101000101600040 , Callao,Callao,Callao,Centro Poblado: Callao,Mza: 040",040,75.0,85.0,38.0,3.0,0.0,0.0,0.0,0.0,0.0,0.0,41.0,0.0,0.0,0.0,0.0,0.0,0.0,18.0,0.0,14.0,9.0,0.0,3.0,41.0,3.0,46.0,160.0,46.9,41.0,43.9,1.0
070101000102500034,070101000102500034,0001,02500,1,"070101000102500034 , Callao,Callao,Callao,Centro Poblado: Callao,Mza: 034",034,55.0,48.0,33.0,0.0,0.0,0.0,0.0,0.0,0.0,0.0,33.0,0.0,0.0,0.0,0.0,0.0,0.0,6.0,14.0,13.0,0.0,0.0,3.0,33.0,3.0,33.0,103.0,53.4,33.0,18.2,1.0
070101000102700036,070101000102700036,0001,02700,1,"070101000102700036 , Callao,Callao,Callao,Centro Poblado: Callao,Mza: 036",036,99.0,92.0,44.0,0.0,0.0,0.0,0.0,0.0,0.0,0.0,43.0,0.0,0.0,0.0,1.0,0.0,0.0,10.0,4.0,23.0,5.0,1.0,3.0,43.0,4.0,49.0,191.0,51.8,43.0,23.3,1.33
070101000102500026,070101000102500026,0001,02500,1,"070101000102500026 , Callao,Callao,Callao,Centro Poblado: Callao,Mza: 026",026,91.0,81.0,43.0,0.0,0.0,0.0,0.0,0.0,0.0,0.0,39.0,0.0,4.0,0.0,0.0,0.0,0.0,1.0,6.0,28.0,4.0,0.0,4.0,39.0,4.0,43.0,172.0,52.9,39.0,2.6,1.0
070101000101600019,070101000101600019,0001,01600,1,"070101000101600019 , Callao,Callao,Callao,Centro Poblado: Callao,Mza: 019",019,115.0,131.0,45.0,15.0,0.0,0.0,0.0,0.0,0.0,0.0,60.0,0.0,0.0,0.0,0.0,0.0,0.0,20.0,5.0,20.0,15.0,0.0,3.0,60.0,3.0,73.0,246.0,46.7,60.0,33.3,1.0
070101000102700023,070101000102700023,0001,02700,1,"070101000102700023 , Callao,Callao,Callao,Centro Poblado: Callao,Mza: 023",023,87.0,101.0,38.0,11.0,0.0,0.0,0.0,0.0,0.0,0.0,46.0,2.0,1.0,0.0,0.0,0.0,0.0,17.0,5.0,17.0,7.0,0.0,3.0,46.0,4.0,48.0,188.0,46.3,46.0,37.0,1.33
070101000102600031A,070101000102600031A,0001,02600,1,"070101000102600031A, Callao,Callao,Callao,Centro Poblado: Callao,Mza: 031A",031A,42.0,47.0,10.0,0.0,0.0,0.0,1.0,0.0,0.0,0.0,10.0,0.0,0.0,0.0,0.0,0.0,0.0,2.0,0.0,7.0,1.0,0.0,3.0,10.0,3.0,11.0,89.0,47.2,10.0,20.0,1.0
070101000101600045,070101000101600045,0001,01600,1,"070101000101600045 , Callao,Callao,Callao,Centro Poblado: Callao,Mza: 045",045,78.0,99.0,31.0,2.0,0.0,0.0,0.0,0.0,0.0,0.0,32.0,1.0,0.0,0.0,0.0,0.0,0.0,7.0,2.0,21.0,2.0,0.0,3.0,32.0,4.0,40.0,177.0,44.1,32.0,21.9,1.33
070101000102800005,070101000102800005,0001,02800,1,"070101000102800005 , Callao,Callao,Callao,Centro Poblado: Callao,Mza: 005",005,73.0,91.0,39.0,1.0,0.0,0.0,0.0,0.0,0.0,0.0,40.0,0.0,0.0,0.0,0.0,0.0,0.0,18.0,5.0,12.0,5.0,0.0,3.0,40.0,4.0,42.0,164.0,44.5,40.0,45.0,1.33
070101000102700022,070101000102700022,0001,02700,1,"070101000102700022 , Callao,Callao,Callao,Centro Poblado: Callao,Mza: 022",022,105.0,87.0,47.0,7.0,0.0,0.0,0.0,0.0,0.0,0.0,49.0,4.0,0.0,0.0,1.0,0.0,0.0,11.0,7.0,21.0,10.0,0.0,3.0,49.0,4.0,50.0,192.0,54.7,49.0,22.4,1.33
070101000102500009,070101000102500009,0001,02500,1,"070101000102500009 , Callao,Callao,Callao,Centro Poblado: Callao,Mza: 009",009,90.0,86.0,29.0,0.0,0.0,0.0,0.0,0.0,0.0,0.0,29.0,0.0,0.0,0.0,0.0,0.0,0.0,2.0,0.0,24.0,3.0,0.0,4.0,29.0,4.0,50.0,176.0,51.1,29.0,6.9,1.0
070101000102600020,070101000102600020,0001,02600,1,"070101000102600020 , Callao,Callao,Callao,Centro Poblado: Callao,Mza: 020",020,59.0,61.0,27.0,0.0,0.0,0.0,0.0,0.0,0.0,0.0,26.0,1.0,0.0,0.0,0.0,0.0,0.0,2.0,2.0,22.0,0.0,0.0,3.0,26.0,4.0,27.0,120.0,49.2,26.0,7.7,1.33
070101000102600051,070101000102600051,0001,02600,1,"070101000102600051 , Callao,Callao,Callao,Centro Poblado: Callao,Mza: 051",051,109.0,113.0,32.0,14.0,0.0,0.0,0.0,1.0,0.0,0.0,46.0,1.0,0.0,0.0,0.0,0.0,0.0,15.0,3.0,23.0,5.0,0.0,3.0,46.0,5.0,49.0,222.0,49.1,46.0,32.6,1.67
070101000102500054,070101000102500054,0001,02500,1,"070101000102500054 , Callao,Callao,Callao,Centro Poblado: Callao,Mza: 054",054,67.0,60.0,33.0,0.0,0.0,0.0,0.0,0.0,0.0,0.0,31.0,2.0,0.0,0.0,0.0,0.0,0.0,7.0,0.0,17.0,7.0,0.0,2.0,31.0,4.0,31.0,127.0,52.8,31.0,22.6,2.0
070101000102700045,070101000102700045,0001,02700,1,"070101000102700045 , Callao,Callao,Callao,Centro Poblado: Callao,Mza: 045",045,65.0,71.0,27.0,13.0,0.0,0.0,0.0,0.0,0.0,0.0,35.0,1.0,1.0,0.0,0.0,3.0,0.0,8.0,6.0,18.0,3.0,0.0,3.0,35.0,3.0,39.0,136.0,47.8,35.0,22.9,1.0
070101000101600054,070101000101600054,0001,01600,1,"070101000101600054 , Callao,Callao,Callao,Centro Poblado: Callao,Mza: 054",054,99.0,82.0,34.0,21.0,0.0,0.0,0.0,0.0,0.0,0.0,53.0,1.0,0.0,0.0,1.0,0.0,0.0,24.0,0.0,22.0,7.0,0.0,3.0,53.0,3.0,55.0,181.0,54.7,53.0,45.3,1.0
070101000101600016,070101000101600016,0001,01600,1,"070101000101600016 , Callao,Callao,Callao,Centro Poblado: Callao,Mza: 016",016,50.0,54.0,23.0,0.0,0.0,0.0,0.0,0.0,0.0,0.0,23.0,0.0,0.0,0.0,0.0,0.0,0.0,1.0,1.0,17.0,4.0,0.0,3.0,23.0,4.0,26.0,104.0,48.1,23.0,4.3,1.33
070101000102600059,070101000102600059,0001,02600,1,"070101000102600059 , Callao,Callao,Callao,Centro Poblado: Callao,Mza: 059",059,147.0,174.0,85.0,0.0,0.0,0.0,0.0,0.0,0.0,0.0,81.0,4.0,0.0,0.0,0.0,0.0,0.0,17.0,24.0,39.0,1.0,0.0,3.0,81.0,4.0,87.0,321.0,45.8,81.0,21.0,1.33
070101000102600012,070101000102600012,0001,02600,1,"070101000102600012 , Callao,Callao,Callao,Centro Poblado: Callao,Mza: 012",012,199.0,195.0,90.0,16.0,0.0,1.0,0.0,0.0,0.0,0.0,105.0,2.0,0.0,0.0,0.0,0.0,0.0,19.0,12.0,66.0,8.0,0.0,3.0,105.0,4.0,107.0,394.0,50.5,105.0,18.1,1.33
070101000102700028,070101000102700028,0001,02700,1,"070101000102700028 , Callao,Callao,Callao,Centro Poblado: Callao,Mza: 028",028,65.0,90.0,47.0,0.0,0.0,0.0,0.0,0.0,0.0,0.0,42.0,1.0,0.0,0.0,2.0,1.0,1.0,27.0,0.0,13.0,2.0,0.0,3.0,42.0,4.0,43.0,155.0,41.9,42.0,64.3,1.33
070101000101600044,070101000101600044,0001,01600,1,"070101000101600044 , Callao,Callao,Callao,Centro Poblado: Callao,Mza: 044",044,90.0,94.0,39.0,0.0,0.0,0.0,0.0,0.0,0.0,0.0,39.0,0.0,0.0,0.0,0.0,0.0,0.0,10.0,2.0,27.0,0.0,0.0,3.0,39.0,4.0,46.0,184.0,48.9,39.0,25.6,1.33
070101000102700055,070101000102700055,0001,02700,1,"070101000102700055 , Callao,Callao,Callao,Centro Poblado: Callao,Mza: 055",055,75.0,67.0,27.0,7.0,0.0,0.0,0.0,0.0,0.0,0.0,33.0,0.0,1.0,0.0,0.0,0.0,0.0,5.0,7.0,18.0,3.0,0.0,4.0,33.0,3.0,46.0,142.0,52.8,33.0,15.2,0.75
070101000101600039,070101000101600039,0001,01600,1,"070101000101600039 , Callao,Callao,Callao,Centro Poblado: Callao,Mza: 039",039,71.0,68.0,22.0,0.0,0.0,0.0,0.0,0.0,0.0,0.0,21.0,0.0,0.0,0.0,1.0,0.0,0.0,4.0,1.0,16.0,0.0,0.0,3.0,21.0,4.0,31.0,139.0,51.1,21.0,19.0,1.33
070101000102700012,070101000102700012,0001,02700,1,"070101000102700012 , Callao,Callao,Callao,Centro Poblado: Callao,Mza: 012",012,184.0,219.0,66.0,18.0,0.0,0.0,0.0,0.0,0.0,0.0,82.0,1.0,0.0,0.0,1.0,0.0,0.0,18.0,15.0,45.0,4.0,0.0,4.0,82.0,4.0,106.0,403.0,45.7,82.0,22.0,1.0
070101000101600043,070101000101600043,0001,01600,1,"070101000101600043 , Callao,Callao,Callao,Centro Poblado: Callao,Mza: 043",043,94.0,96.0,28.0,22.0,1.0,0.0,0.0,2.0,0.0,0.0,53.0,0.0,0.0,0.0,0.0,0.0,0.0,28.0,10.0,13.0,2.0,0.0,3.0,53.0,3.0,59.0,190.0,49.5,53.0,52.8,1.0
070101000101600060,070101000101600060,0001,01600,1,"070101000101600060 , Callao,Callao,Callao,Centro Poblado: Callao,Mza: 060",060,105.0,95.0,43.0,4.0,0.0,0.0,0.0,0.0,0.0,0.0,47.0,0.0,0.0,0.0,0.0,0.0,0.0,16.0,4.0,26.0,1.0,0.0,3.0,47.0,4.0,55.0,200.0,52.5,47.0,34.0,1.33
070101000102700044,070101000102700044,0001,02700,1,"070101000102700044 , Callao,Callao,Callao,Centro Poblado: Callao,Mza: 044",044,66.0,64.0,39.0,1.0,0.0,0.0,0.0,0.0,1.0,0.0,40.0,0.0,0.0,0.0,1.0,0.0,0.0,14.0,1.0,25.0,0.0,0.0,3.0,40.0,3.0,42.0,130.0,50.8,40.0,35.0,1.0
070101000101600023,070101000101600023,0001,01600,1,"070101000101600023 , Callao,Callao,Callao,Centro Poblado: Callao,Mza: 023",023,38.0,34.0,20.0,3.0,0.0,0.0,0.0,0.0,0.0,0.0,23.0,0.0,0.0,0.0,0.0,0.0,0.0,5.0,3.0,15.0,0.0,0.0,3.0,23.0,3.0,24.0,72.0,52.8,23.0,21.7,1.0
070101000102500053,070101000102500053,0001,02500,1,"070101000102500053 , Callao,Callao,Callao,Centro Poblado: Callao,Mza: 053",053,57.0,74.0,34.0,0.0,0.0,0.0,0.0,0.0,0.0,0.0,34.0,0.0,0.0,0.0,0.0,0.0,0.0,1.0,0.0,29.0,4.0,0.0,3.0,34.0,3.0,38.0,131.0,43.5,34.0,2.9,1.0
070101000102500029,070101000102500029,0001,02500,1,"070101000102500029 , Callao,Callao,Callao,Centro Poblado: Callao,Mza: 029",029,70.0,83.0,35.0,0.0,0.0,0.0,0.0,0.0,0.0,0.0,35.0,0.0,0.0,0.0,0.0,0.0,0.0,7.0,1.0,18.0,9.0,0.0,3.0,35.0,4.0,41.0,153.0,45.8,35.0,20.0,1.33
070101000102600011,070101000102600011,0001,02600,1,"070101000102600011 , Callao,Callao,Callao,Centro Poblado: Callao,Mza: 011",011,119.0,119.0,59.0,9.0,0.0,0.0,0.0,0.0,0.0,0.0,68.0,0.0,0.0,0.0,0.0,0.0,0.0,24.0,2.0,41.0,1.0,0.0,2.0,68.0,3.0,76.0,238.0,50.0,68.0,35.3,1.5
070101000102500027,070101000102500027,0001,02500,1,"070101000102500027 , Callao,Callao,Callao,Centro Poblado: Callao,Mza: 027",027,95.0,91.0,36.0,3.0,0.0,0.0,0.0,0.0,0.0,0.0,38.0,0.0,0.0,0.0,1.0,0.0,0.0,10.0,9.0,18.0,1.0,0.0,4.0,38.0,5.0,41.0,186.0,51.1,38.0,26.3,1.25
070101000102500001,070101000102500001,0001,02500,1,"070101000102500001 , Callao,Callao,Callao,Centro Poblado: Callao,Mza: 001",001,100.0,117.0,32.0,18.0,0.0,0.0,2.0,0.0,1.0,0.0,50.0,1.0,0.0,0.0,0.0,0.0,0.0,23.0,8.0,16.0,3.0,0.0,3.0,50.0,3.0,53.0,217.0,46.1,50.0,46.0,1.0
070101000102700050,070101000102700050,0001,02700,1,"070101000102700050 , Callao,Callao,Callao,Centro Poblado: Callao,Mza: 050",050,82.0,105.0,28.0,11.0,0.0,0.0,0.0,0.0,0.0,0.0,37.0,1.0,0.0,0.0,1.0,0.0,0.0,5.0,4.0,25.0,3.0,0.0,3.0,37.0,4.0,50.0,187.0,43.9,37.0,13.5,1.33
070101000102600035,070101000102600035,0001,02600,1,"070101000102600035 , Callao,Callao,Callao,Centro Poblado: Callao,Mza: 035",035,194.0,186.0,72.0,29.0,0.0,0.0,0.0,0.0,0.0,0.0,99.0,1.0,0.0,0.0,0.0,1.0,0.0,29.0,4.0,54.0,12.0,0.0,3.0,99.0,4.0,108.0,380.0,51.1,99.0,29.3,1.33
070101000102600008,070101000102600008,0001,02600,1,"070101000102600008 , Callao,Callao,Callao,Centro Poblado: Callao,Mza: 008",008,83.0,91.0,54.0,0.0,0.0,0.0,0.0,0.0,0.0,0.0,54.0,0.0,0.0,0.0,0.0,0.0,0.0,21.0,1.0,26.0,6.0,0.0,2.0,54.0,3.0,56.0,174.0,47.7,54.0,38.9,1.5
070101000101600047,070101000101600047,0001,01600,1,"070101000101600047 , Callao,Callao,Callao,Centro Poblado: Callao,Mza: 047",047,53.0,60.0,26.0,5.0,0.0,2.0,0.0,0.0,0.0,0.0,32.0,1.0,0.0,0.0,0.0,0.0,0.0,6.0,6.0,12.0,8.0,0.0,3.0,32.0,3.0,33.0,113.0,46.9,32.0,18.8,1.0
070101000102700042,070101000102700042,0001,02700,1,"070101000102700042 , Callao,Callao,Callao,Centro Poblado: Callao,Mza: 042",042,95.0,97.0,34.0,0.0,0.0,0.0,0.0,0.0,0.0,0.0,29.0,1.0,4.0,0.0,0.0,0.0,0.0,3.0,3.0,15.0,7.0,1.0,5.0,29.0,4.0,48.0,192.0,49.5,29.0,10.3,0.8
070101000102700001,070101000102700001,0001,02700,1,"070101000102700001 , Callao,Callao,Callao,Centro Poblado: Callao,Mza: 001",001,66.0,77.0,29.0,2.0,0.0,0.0,0.0,0.0,0.0,0.0,31.0,0.0,0.0,0.0,0.0,0.0,0.0,3.0,0.0,22.0,6.0,0.0,3.0,31.0,4.0,36.0,143.0,46.2,31.0,9.7,1.33
070101000102700058,070101000102700058,0001,02700,1,"070101000102700058 , Callao,Callao,Callao,Centro Poblado: Callao,Mza: 058",058,57.0,80.0,29.0,0.0,0.0,0.0,0.0,0.0,0.0,0.0,27.0,2.0,0.0,0.0,0.0,0.0,0.0,10.0,0.0,15.0,2.0,0.0,4.0,27.0,4.0,31.0,137.0,41.6,27.0,37.0,1.0
070101000101600020,070101000101600020,0001,01600,1,"070101000101600020 , Callao,Callao,Callao,Centro Poblado: Callao,Mza: 020",020,93.0,94.0,31.0,3.0,0.0,0.0,0.0,1.0,0.0,0.0,35.0,0.0,0.0,0.0,0.0,0.0,0.0,11.0,5.0,19.0,0.0,0.0,4.0,35.0,4.0,53.0,187.0,49.7,35.0,31.4,1.0
070101000102500041,070101000102500041,0001,02500,1,"070101000102500041 , Callao,Callao,Callao,Centro Poblado: Callao,Mza: 041",041,95.0,96.0,34.0,2.0,0.0,1.0,0.0,0.0,0.0,0.0,36.0,1.0,0.0,0.0,0.0,0.0,0.0,5.0,6.0,24.0,1.0,0.0,4.0,36.0,5.0,37.0,191.0,49.7,36.0,13.9,1.25
070101000102700008,070101000102700008,0001,02700,1,"070101000102700008 , Callao,Callao,Callao,Centro Poblado: Callao,Mza: 008",008,100.0,93.0,50.0,6.0,0.0,0.0,0.0,0.0,0.0,0.0,45.0,1.0,10.0,0.0,0.0,0.0,0.0,9.0,3.0,30.0,3.0,0.0,4.0,45.0,4.0,47.0,193.0,51.8,45.0,20.0,1.0
070101000102500008,070101000102500008,0001,02500,1,"070101000102500008 , Callao,Callao,Callao,Centro Poblado: Callao,Mza: 008",008,121.0,147.0,36.0,0.0,0.0,0.0,0.0,0.0,0.0,0.0,36.0,0.0,0.0,0.0,0.0,0.0,0.0,2.0,6.0,27.0,1.0,0.0,5.0,36.0,5.0,56.0,268.0,45.1,36.0,5.6,1.0
070101000102500010,070101000102500010,0001,02500,1,"070101000102500010 , Callao,Callao,Callao,Centro Poblado: Callao,Mza: 010",010,45.0,53.0,31.0,0.0,0.0,0.0,0.0,0.0,0.0,0.0,27.0,3.0,1.0,0.0,0.0,0.0,0.0,7.0,6.0,13.0,1.0,0.0,3.0,27.0,4.0,27.0,98.0,45.9,27.0,25.9,1.33
070101000101600031,070101000101600031,0001,01600,1,"070101000101600031 , Callao,Callao,Callao,Centro Poblado: Callao,Mza: 031",031,138.0,130.0,51.0,10.0,5.0,0.0,0.0,1.0,0.0,0.0,67.0,0.0,0.0,0.0,0.0,0.0,0.0,43.0,4.0,19.0,1.0,0.0,3.0,67.0,3.0,87.0,268.0,51.5,67.0,64.2,1.0
070101000102700035,070101000102700035,0001,02700,1,"070101000102700035 , Callao,Callao,Callao,Centro Poblado: Callao,Mza: 035",035,103.0,107.0,51.0,0.0,0.0,0.0,1.0,0.0,0.0,0.0,50.0,1.0,0.0,0.0,0.0,0.0,0.0,24.0,8.0,15.0,3.0,0.0,3.0,50.0,3.0,55.0,210.0,49.0,50.0,48.0,1.0
070101000102600015,070101000102600015,0001,02600,1,"070101000102600015 , Callao,Callao,Callao,Centro Poblado: Callao,Mza: 015",015,48.0,67.0,21.0,13.0,0.0,0.0,0.0,0.0,0.0,0.0,32.0,2.0,0.0,0.0,0.0,0.0,0.0,7.0,4.0,21.0,0.0,0.0,3.0,32.0,4.0,32.0,115.0,41.7,32.0,21.9,1.33
070101000102700004,070101000102700004,0001,02700,1,"070101000102700004 , Callao,Callao,Callao,Centro Poblado: Callao,Mza: 004",004,139.0,155.0,56.0,10.0,0.0,0.0,0.0,0.0,0.0,0.0,62.0,4.0,0.0,0.0,0.0,0.0,0.0,10.0,11.0,34.0,7.0,0.0,4.0,62.0,4.0,72.0,294.0,47.3,62.0,16.1,1.0
070101000102500023,070101000102500023,0001,02500,1,"070101000102500023 , Callao,Callao,Callao,Centro Poblado: Callao,Mza: 023",023,74.0,75.0,45.0,11.0,0.0,0.0,0.0,0.0,1.0,0.0,34.0,0.0,23.0,0.0,0.0,0.0,0.0,7.0,5.0,21.0,1.0,0.0,3.0,34.0,3.0,45.0,149.0,49.7,34.0,20.6,1.0
070101000102600005,070101000102600005,0001,02600,1,"070101000102600005 , Callao,Callao,Callao,Centro Poblado: Callao,Mza: 005",005,85.0,103.0,45.0,0.0,0.0,0.0,0.0,0.0,0.0,0.0,44.0,0.0,0.0,1.0,0.0,0.0,0.0,18.0,4.0,19.0,3.0,0.0,3.0,44.0,4.0,46.0,188.0,45.2,44.0,40.9,1.33
070101000102600041,070101000102600041,0001,02600,1,"070101000102600041 , Callao,Callao,Callao,Centro Poblado: Callao,Mza: 041",041,145.0,178.0,72.0,1.0,0.0,0.0,0.0,0.0,0.0,0.0,71.0,0.0,0.0,0.0,1.0,0.0,1.0,19.0,4.0,40.0,8.0,0.0,3.0,71.0,4.0,81.0,323.0,44.9,71.0,26.8,1.33
070101000102600036,070101000102600036,0001,02600,1,"070101000102600036 , Callao,Callao,Callao,Centro Poblado: Callao,Mza: 036",036,78.0,73.0,22.0,19.0,0.0,0.0,0.0,0.0,0.0,0.0,41.0,0.0,0.0,0.0,0.0,0.0,0.0,8.0,2.0,24.0,7.0,0.0,3.0,41.0,3.0,45.0,151.0,51.7,41.0,19.5,1.0
070101000101600035,070101000101600035,0001,01600,1,"070101000101600035 , Callao,Callao,Callao,Centro Poblado: Callao,Mza: 035",035,57.0,65.0,35.0,0.0,0.0,0.0,0.0,0.0,0.0,0.0,35.0,0.0,0.0,0.0,0.0,0.0,0.0,14.0,1.0,16.0,4.0,0.0,3.0,35.0,3.0,35.0,122.0,46.7,35.0,40.0,1.0
070101000102600034,070101000102600034,0001,02600,1,"070101000102600034 , Callao,Callao,Callao,Centro Poblado: Callao,Mza: 034",034,103.0,136.0,38.0,8.0,0.0,0.0,1.0,0.0,0.0,0.0,45.0,1.0,0.0,0.0,0.0,0.0,0.0,6.0,0.0,34.0,5.0,0.0,3.0,45.0,4.0,52.0,239.0,43.1,45.0,13.3,1.33
070101000102600057,070101000102600057,0001,02600,1,"070101000102600057 , Callao,Callao,Callao,Centro Poblado: Callao,Mza: 057",057,146.0,145.0,72.0,9.0,0.0,0.0,0.0,0.0,0.0,0.0,81.0,0.0,0.0,0.0,0.0,0.0,0.0,15.0,11.0,44.0,11.0,0.0,3.0,81.0,4.0,82.0,291.0,50.2,81.0,18.5,1.33
070101000102500044,070101000102500044,0001,02500,1,"070101000102500044 , Callao,Callao,Callao,Centro Poblado: Callao,Mza: 044",044,24.0,25.0,13.0,0.0,0.0,1.0,0.0,0.0,0.0,0.0,13.0,1.0,0.0,0.0,0.0,0.0,0.0,6.0,1.0,6.0,0.0,0.0,3.0,13.0,4.0,14.0,49.0,49.0,13.0,46.2,1.33
070101000102500030,070101000102500030,0001,02500,1,"070101000102500030 , Callao,Callao,Callao,Centro Poblado: Callao,Mza: 030",030,50.0,48.0,23.0,0.0,0.0,0.0,0.0,0.0,0.0,0.0,23.0,0.0,0.0,0.0,0.0,0.0,0.0,8.0,0.0,15.0,0.0,0.0,3.0,23.0,4.0,27.0,98.0,51.0,23.0,34.8,1.33
070101000102700030,070101000102700030,0001,02700,1,"070101000102700030 , Callao,Callao,Callao,Centro Poblado: Callao,Mza: 030",030,88.0,111.0,31.0,2.0,0.0,0.0,0.0,0.0,0.0,0.0,32.0,0.0,0.0,0.0,1.0,0.0,0.0,9.0,3.0,18.0,2.0,0.0,4.0,32.0,4.0,52.0,199.0,44.2,32.0,28.1,1.0
070101000102600006,070101000102600006,0001,02600,1,"070101000102600006 , Callao,Callao,Callao,Centro Poblado: Callao,Mza: 006",006,168.0,165.0,65.0,0.0,0.0,0.0,0.0,0.0,0.0,0.0,62.0,0.0,0.0,0.0,2.0,0.0,1.0,23.0,0.0,31.0,8.0,0.0,3.0,62.0,5.0,64.0,333.0,50.5,62.0,37.1,1.67
070101000102500012,070101000102500012,0001,02500,1,"070101000102500012 , Callao,Callao,Callao,Centro Poblado: Callao,Mza: 012",012,134.0,162.0,38.0,4.0,0.0,0.0,0.0,0.0,0.0,0.0,42.0,0.0,0.0,0.0,0.0,0.0,0.0,5.0,6.0,29.0,2.0,0.0,5.0,42.0,4.0,68.0,296.0,45.3,42.0,11.9,0.8
070101000101600018,070101000101600018,0001,01600,1,"070101000101600018 , Callao,Callao,Callao,Centro Poblado: Callao,Mza: 018",018,83.0,87.0,33.0,9.0,0.0,0.0,0.0,0.0,0.0,0.0,42.0,0.0,0.0,0.0,0.0,0.0,0.0,11.0,0.0,29.0,2.0,0.0,3.0,42.0,3.0,53.0,170.0,48.8,42.0,26.2,1.0
070101000102500050,070101000102500050,0001,02500,1,"070101000102500050 , Callao,Callao,Callao,Centro Poblado: Callao,Mza: 050",050,82.0,97.0,42.0,12.0,0.0,0.0,0.0,0.0,0.0,0.0,53.0,0.0,0.0,0.0,1.0,0.0,0.0,23.0,6.0,22.0,2.0,0.0,3.0,53.0,3.0,57.0,179.0,45.8,53.0,43.4,1.0
070101000102700029,070101000102700029,0001,02700,1,"070101000102700029 , Callao,Callao,Callao,Centro Poblado: Callao,Mza: 029",029,98.0,108.0,44.0,4.0,0.0,0.0,0.0,0.0,0.0,0.0,44.0,2.0,0.0,0.0,0.0,0.0,2.0,14.0,4.0,24.0,2.0,0.0,3.0,44.0,3.0,66.0,206.0,47.6,44.0,31.8,1.0
